timestamp,strategy,signal,price,predicted
2025-03-30 19:45:50,EnsembleStrategy,HOLD,42.10306930541992,42.40995
2025-03-30 19:45:50,EnsembleStrategy,HOLD,42.15260314941406,42.47054
2025-03-30 19:45:50,EnsembleStrategy,HOLD,42.00395584106445,42.500828
2025-03-30 19:45:50,EnsembleStrategy,HOLD,41.36217498779297,42.467022
2025-03-30 19:45:51,EnsembleStrategy,HOLD,41.34801483154297,42.392307
2025-03-30 19:45:51,EnsembleStrategy,HOLD,40.41128921508789,42.236797
2025-03-30 19:45:51,EnsembleStrategy,HOLD,39.84028244018555,41.999897
2025-03-30 19:45:51,EnsembleStrategy,HOLD,38.91771697998047,41.665226
2025-03-30 19:45:51,EnsembleStrategy,BUY,40.765228271484375,41.404514
2025-03-30 19:45:51,EnsembleStrategy,HOLD,39.71994400024414,41.143414
2025-03-30 19:45:51,EnsembleStrategy,HOLD,39.28107833862305,40.870255
2025-03-30 19:45:51,EnsembleStrategy,HOLD,39.58782958984375,40.625526
2025-03-30 19:45:51,EnsembleStrategy,HOLD,39.32828140258789,40.398796
2025-03-30 19:45:52,EnsembleStrategy,HOLD,39.73175811767578,40.2226
2025-03-30 19:45:52,EnsembleStrategy,HOLD,40.491512298583984,40.138657
2025-03-30 19:45:52,EnsembleStrategy,HOLD,40.77228546142578,40.13895
2025-03-30 19:45:52,EnsembleStrategy,HOLD,39.72938919067383,40.129944
2025-03-30 19:45:52,EnsembleStrategy,HOLD,40.12342834472656,40.14021
2025-03-30 19:45:52,EnsembleStrategy,HOLD,40.878482818603516,40.210205
2025-03-30 19:45:52,EnsembleStrategy,SELL,40.68735122680664,40.30316
2025-03-30 19:45:52,EnsembleStrategy,HOLD,41.088470458984375,40.4311
2025-03-30 19:45:52,EnsembleStrategy,HOLD,41.2276725769043,40.582882
2025-03-30 19:45:52,EnsembleStrategy,HOLD,41.484867095947266,40.758095
2025-03-30 19:45:52,EnsembleStrategy,HOLD,42.05585861206055,40.97423
2025-03-30 19:45:52,EnsembleStrategy,HOLD,41.961483001708984,41.19824
2025-03-30 19:45:53,EnsembleStrategy,HOLD,40.77228546142578,41.33803
2025-03-30 19:45:53,EnsembleStrategy,HOLD,39.101768493652344,41.30779
2025-03-30 19:45:53,EnsembleStrategy,HOLD,38.98850631713867,41.15953
2025-03-30 19:45:53,EnsembleStrategy,HOLD,38.44581604003906,40.907738
2025-03-30 19:45:53,EnsembleStrategy,BUY,38.613338470458984,40.61322
2025-03-30 19:45:53,EnsembleStrategy,HOLD,38.74784469604492,40.317318
2025-03-30 19:45:53,EnsembleStrategy,HOLD,38.299530029296875,40.011112
2025-03-30 19:45:53,EnsembleStrategy,HOLD,38.99321365356445,39.7605
2025-03-30 19:45:53,EnsembleStrategy,HOLD,39.89927291870117,39.618847
2025-03-30 19:45:53,EnsembleStrategy,HOLD,41.66182327270508,39.66946
2025-03-30 19:45:53,EnsembleStrategy,HOLD,41.73733139038086,39.849407
2025-03-30 19:45:53,EnsembleStrategy,HOLD,43.37483215332031,40.20788
2025-03-30 19:45:54,EnsembleStrategy,HOLD,43.68865966796875,40.683052
2025-03-30 19:45:54,EnsembleStrategy,HOLD,43.89863586425781,41.22172
2025-03-30 19:45:54,EnsembleStrategy,HOLD,44.207740783691406,41.78732
2025-03-30 19:45:54,EnsembleStrategy,HOLD,44.840087890625,42.37654
2025-03-30 19:45:54,EnsembleStrategy,SELL,44.6695442199707,42.934475
2025-03-30 19:45:54,EnsembleStrategy,HOLD,44.56532287597656,43.429924
2025-03-30 19:45:54,EnsembleStrategy,HOLD,44.160301208496094,43.827248
2025-03-30 19:45:54,EnsembleStrategy,HOLD,44.57243347167969,44.161373
2025-03-30 19:45:54,EnsembleStrategy,HOLD,44.29056167602539,44.41401
2025-03-30 19:45:54,EnsembleStrategy,HOLD,44.12948989868164,44.58566
2025-03-30 19:45:54,EnsembleStrategy,HOLD,44.44215393066406,44.71382
2025-03-30 19:45:54,EnsembleStrategy,HOLD,44.33084487915039,44.79791
2025-03-30 19:45:54,EnsembleStrategy,HOLD,44.61506652832031,44.86526
2025-03-30 19:45:54,EnsembleStrategy,HOLD,44.56532287597656,44.914146
2025-03-30 19:45:55,EnsembleStrategy,HOLD,44.66718673706055,44.954002
2025-03-30 19:45:55,EnsembleStrategy,HOLD,44.506107330322266,44.974747
2025-03-30 19:45:55,EnsembleStrategy,HOLD,44.41136932373047,44.975403
2025-03-30 19:45:55,EnsembleStrategy,HOLD,44.26213836669922,44.952446
2025-03-30 19:45:55,EnsembleStrategy,HOLD,45.06036376953125,44.966095
2025-03-30 19:45:55,EnsembleStrategy,HOLD,45.436973571777344,45.026756
2025-03-30 19:45:55,EnsembleStrategy,HOLD,45.78752899169922,45.138214
2025-03-30 19:45:55,EnsembleStrategy,HOLD,45.946224212646484,45.286243
2025-03-30 19:45:55,EnsembleStrategy,HOLD,45.82306671142578,45.44154
2025-03-30 19:45:55,EnsembleStrategy,HOLD,45.40618133544922,45.564774
2025-03-30 19:45:55,EnsembleStrategy,HOLD,45.29484939575195,45.651466
2025-03-30 19:45:55,EnsembleStrategy,HOLD,45.54356002807617,45.72519
2025-03-30 19:45:55,EnsembleStrategy,HOLD,45.169315338134766,45.76132
2025-03-30 19:45:56,EnsembleStrategy,BUY,45.19300842285156,45.772472
2025-03-30 19:45:56,EnsembleStrategy,HOLD,44.728763580322266,45.735226
2025-03-30 19:45:56,EnsembleStrategy,HOLD,44.705078125,45.667793
2025-03-30 19:45:56,EnsembleStrategy,HOLD,43.98265075683594,45.536976
2025-03-30 19:45:56,EnsembleStrategy,HOLD,44.17451477050781,45.385094
2025-03-30 19:45:56,EnsembleStrategy,HOLD,43.92816925048828,45.212738
2025-03-30 19:45:56,EnsembleStrategy,HOLD,43.80025863647461,45.029697
2025-03-30 19:45:56,EnsembleStrategy,HOLD,43.14889144897461,44.80863
2025-03-30 19:45:56,EnsembleStrategy,HOLD,43.68421173095703,44.611046
2025-03-30 19:45:56,EnsembleStrategy,HOLD,43.62025451660156,44.436844
2025-03-30 19:45:56,EnsembleStrategy,HOLD,43.93764877319336,44.310024
2025-03-30 19:45:56,EnsembleStrategy,SELL,43.84527587890625,44.216145
2025-03-30 19:45:57,EnsembleStrategy,HOLD,44.335567474365234,44.181667
2025-03-30 19:45:57,EnsembleStrategy,HOLD,43.56339645385742,44.13917
2025-03-30 19:45:57,EnsembleStrategy,HOLD,43.913963317871094,44.11661
2025-03-30 19:45:57,EnsembleStrategy,HOLD,44.52268981933594,44.14792
2025-03-30 19:45:57,EnsembleStrategy,HOLD,45.14089584350586,44.252567
2025-03-30 19:45:57,EnsembleStrategy,HOLD,45.086429595947266,44.395947
2025-03-30 19:45:57,EnsembleStrategy,HOLD,44.50136947631836,44.518314
2025-03-30 19:45:57,EnsembleStrategy,HOLD,45.24748611450195,44.66749
2025-03-30 19:45:57,EnsembleStrategy,HOLD,45.318546295166016,44.82941
2025-03-30 19:45:57,EnsembleStrategy,HOLD,45.21906661987305,44.98386
2025-03-30 19:45:57,EnsembleStrategy,HOLD,45.34696578979492,45.131805
2025-03-30 19:45:57,EnsembleStrategy,HOLD,45.098262786865234,45.250008
2025-03-30 19:45:57,EnsembleStrategy,HOLD,45.448814392089844,45.363777
2025-03-30 19:45:58,EnsembleStrategy,HOLD,45.3445930480957,45.460377
2025-03-30 19:45:58,EnsembleStrategy,HOLD,45.384864807128906,45.542057
2025-03-30 19:45:58,EnsembleStrategy,HOLD,45.71409225463867,45.630196
2025-03-30 19:45:58,EnsembleStrategy,HOLD,46.145179748535156,45.745113
2025-03-30 19:45:58,EnsembleStrategy,HOLD,46.000701904296875,45.86066
2025-03-30 19:45:58,EnsembleStrategy,HOLD,45.23563766479492,45.919895
2025-03-30 19:45:58,EnsembleStrategy,HOLD,44.98220443725586,45.921555
2025-03-30 19:45:58,EnsembleStrategy,BUY,45.07220458984375,45.890953
2025-03-30 19:45:58,EnsembleStrategy,HOLD,47.7274169921875,46.012955
2025-03-30 19:45:58,EnsembleStrategy,HOLD,49.122520446777344,46.318916
2025-03-30 19:45:58,EnsembleStrategy,HOLD,49.26465606689453,46.736805
2025-03-30 19:45:58,EnsembleStrategy,HOLD,49.520450592041016,47.21985
2025-03-30 19:46:37,EnsembleStrategy,HOLD,42.10305404663086,42.49761
2025-03-30 19:46:38,EnsembleStrategy,HOLD,42.15261459350586,42.56708
2025-03-30 19:46:38,EnsembleStrategy,HOLD,42.00395965576172,42.60781
2025-03-30 19:46:38,EnsembleStrategy,HOLD,41.36217498779297,42.589615
2025-03-30 19:46:38,EnsembleStrategy,HOLD,41.3480110168457,42.52953
2025-03-30 19:46:38,EnsembleStrategy,HOLD,40.411293029785156,42.390423
2025-03-30 19:46:38,EnsembleStrategy,HOLD,39.84028244018555,42.17112
2025-03-30 19:46:38,EnsembleStrategy,HOLD,38.9177131652832,41.85607
2025-03-30 19:46:38,EnsembleStrategy,BUY,40.76520538330078,41.596317
2025-03-30 19:46:38,EnsembleStrategy,HOLD,39.7199592590332,41.336643
2025-03-30 19:46:38,EnsembleStrategy,HOLD,39.281097412109375,41.06831
2025-03-30 19:46:38,EnsembleStrategy,HOLD,39.58782196044922,40.826214
2025-03-30 19:46:38,EnsembleStrategy,HOLD,39.328269958496094,40.602543
2025-03-30 19:46:39,EnsembleStrategy,HOLD,39.73174285888672,40.427326
2025-03-30 19:46:39,EnsembleStrategy,HOLD,40.49150848388672,40.339607
2025-03-30 19:46:39,EnsembleStrategy,HOLD,40.77228927612305,40.33564
2025-03-30 19:46:39,EnsembleStrategy,HOLD,39.72938919067383,40.331997
2025-03-30 19:46:39,EnsembleStrategy,HOLD,40.12342834472656,40.34706
2025-03-30 19:46:39,EnsembleStrategy,HOLD,40.87846755981445,40.415253
2025-03-30 19:46:39,EnsembleStrategy,SELL,40.68735122680664,40.506653
2025-03-30 19:46:39,EnsembleStrategy,HOLD,41.08845520019531,40.630653
2025-03-30 19:46:39,EnsembleStrategy,HOLD,41.227664947509766,40.778027
2025-03-30 19:46:39,EnsembleStrategy,HOLD,41.484867095947266,40.947178
2025-03-30 19:46:39,EnsembleStrategy,HOLD,42.055877685546875,41.15378
2025-03-30 19:46:40,EnsembleStrategy,HOLD,41.96147537231445,41.369884
2025-03-30 19:46:40,EnsembleStrategy,HOLD,40.77228927612305,41.511982
2025-03-30 19:46:40,EnsembleStrategy,HOLD,39.10176467895508,41.49568
2025-03-30 19:46:40,EnsembleStrategy,HOLD,38.98850631713867,41.35815
2025-03-30 19:46:40,EnsembleStrategy,HOLD,38.44582748413086,41.112667
2025-03-30 19:46:40,EnsembleStrategy,BUY,38.61334228515625,40.816525
2025-03-30 19:46:40,EnsembleStrategy,HOLD,38.747833251953125,40.51291
2025-03-30 19:46:40,EnsembleStrategy,HOLD,38.299537658691406,40.199986
2025-03-30 19:46:40,EnsembleStrategy,HOLD,38.993221282958984,39.939156
2025-03-30 19:46:40,EnsembleStrategy,HOLD,39.89927291870117,39.78367
2025-03-30 19:46:40,EnsembleStrategy,HOLD,41.66183853149414,39.813156
2025-03-30 19:46:41,EnsembleStrategy,HOLD,41.737327575683594,39.979553
2025-03-30 19:46:41,EnsembleStrategy,HOLD,43.37483596801758,40.32435
2025-03-30 19:46:41,EnsembleStrategy,HOLD,43.68864440917969,40.793278
2025-03-30 19:46:41,EnsembleStrategy,HOLD,43.89863967895508,41.33169
2025-03-30 19:46:41,EnsembleStrategy,HOLD,44.20773696899414,41.90194
2025-03-30 19:46:41,EnsembleStrategy,HOLD,44.84008026123047,42.494267
2025-03-30 19:46:41,EnsembleStrategy,SELL,44.66954040527344,43.05613
2025-03-30 19:46:41,EnsembleStrategy,HOLD,44.56532287597656,43.555634
2025-03-30 19:46:41,EnsembleStrategy,HOLD,44.16029357910156,43.95709
2025-03-30 19:46:41,EnsembleStrategy,HOLD,44.57242965698242,44.2886
2025-03-30 19:46:41,EnsembleStrategy,HOLD,44.29056167602539,44.536633
2025-03-30 19:46:42,EnsembleStrategy,HOLD,44.12950897216797,44.703735
2025-03-30 19:46:42,EnsembleStrategy,HOLD,44.442161560058594,44.82374
2025-03-30 19:46:42,EnsembleStrategy,HOLD,44.33083724975586,44.899857
2025-03-30 19:46:42,EnsembleStrategy,HOLD,44.61505889892578,44.959457
2025-03-30 19:46:42,EnsembleStrategy,HOLD,44.56532287597656,45.00348
2025-03-30 19:46:42,EnsembleStrategy,HOLD,44.66717529296875,45.04159
2025-03-30 19:46:42,EnsembleStrategy,HOLD,44.50611114501953,45.065365
2025-03-30 19:46:42,EnsembleStrategy,HOLD,44.411376953125,45.072773
2025-03-30 19:46:42,EnsembleStrategy,HOLD,44.26213455200195,45.060074
2025-03-30 19:46:42,EnsembleStrategy,HOLD,45.060367584228516,45.080513
2025-03-30 19:46:42,EnsembleStrategy,HOLD,45.43697738647461,45.14686
2025-03-30 19:46:43,EnsembleStrategy,HOLD,45.78753662109375,45.26328
2025-03-30 19:46:43,EnsembleStrategy,HOLD,45.94622039794922,45.4181
2025-03-30 19:46:43,EnsembleStrategy,HOLD,45.823055267333984,45.583443
2025-03-30 19:46:43,EnsembleStrategy,HOLD,45.40617370605469,45.721184
2025-03-30 19:46:43,EnsembleStrategy,HOLD,45.294857025146484,45.823284
2025-03-30 19:46:43,EnsembleStrategy,HOLD,45.54356002807617,45.907578
2025-03-30 19:46:43,EnsembleStrategy,HOLD,45.169315338134766,45.952946
2025-03-30 19:46:43,EnsembleStrategy,BUY,45.19300842285156,45.969444
2025-03-30 19:46:43,EnsembleStrategy,HOLD,44.728755950927734,45.93842
2025-03-30 19:46:43,EnsembleStrategy,HOLD,44.70507049560547,45.8743
2025-03-30 19:46:43,EnsembleStrategy,HOLD,43.9826545715332,45.74965
2025-03-30 19:46:44,EnsembleStrategy,HOLD,44.17451095581055,45.600876
2025-03-30 19:46:44,EnsembleStrategy,HOLD,43.92816925048828,45.430782
2025-03-30 19:46:44,EnsembleStrategy,HOLD,43.800262451171875,45.249283
2025-03-30 19:46:44,EnsembleStrategy,HOLD,43.148902893066406,45.033794
2025-03-30 19:46:44,EnsembleStrategy,HOLD,43.68419647216797,44.83771
2025-03-30 19:46:44,EnsembleStrategy,HOLD,43.6202507019043,44.66442
2025-03-30 19:46:44,EnsembleStrategy,HOLD,43.93764114379883,44.53625
2025-03-30 19:46:44,EnsembleStrategy,HOLD,43.84526443481445,44.442783
2025-03-30 19:46:44,EnsembleStrategy,HOLD,44.3355712890625,44.407085
2025-03-30 19:46:44,EnsembleStrategy,HOLD,43.56340408325195,44.36968
2025-03-30 19:46:44,EnsembleStrategy,HOLD,43.91395568847656,44.351364
2025-03-30 19:46:45,EnsembleStrategy,HOLD,44.522705078125,44.381565
2025-03-30 19:46:45,EnsembleStrategy,HOLD,45.14090347290039,44.480156
2025-03-30 19:46:45,EnsembleStrategy,SELL,45.08641815185547,44.618587
2025-03-30 19:46:45,EnsembleStrategy,HOLD,44.50136947631836,44.74241
2025-03-30 19:46:45,EnsembleStrategy,HOLD,45.247493743896484,44.889286
2025-03-30 19:46:45,EnsembleStrategy,HOLD,45.318546295166016,45.047596
2025-03-30 19:46:45,EnsembleStrategy,HOLD,45.21906280517578,45.198532
2025-03-30 19:46:45,EnsembleStrategy,HOLD,45.346961975097656,45.34213
2025-03-30 19:46:45,EnsembleStrategy,HOLD,45.098262786865234,45.457428
2025-03-30 19:46:45,EnsembleStrategy,HOLD,45.448814392089844,45.565834
2025-03-30 19:46:45,EnsembleStrategy,HOLD,45.3445930480957,45.657528
2025-03-30 19:46:45,EnsembleStrategy,HOLD,45.384857177734375,45.734833
2025-03-30 19:46:46,EnsembleStrategy,HOLD,45.71409225463867,45.81694
2025-03-30 19:46:46,EnsembleStrategy,HOLD,46.14519500732422,45.923523
2025-03-30 19:46:46,EnsembleStrategy,HOLD,46.000701904296875,46.033993
2025-03-30 19:46:46,EnsembleStrategy,HOLD,45.235633850097656,46.09639
2025-03-30 19:46:46,EnsembleStrategy,HOLD,44.98221206665039,46.10526
2025-03-30 19:46:46,EnsembleStrategy,BUY,45.072200775146484,46.080345
2025-03-30 19:46:46,EnsembleStrategy,HOLD,47.72740936279297,46.187958
2025-03-30 19:46:46,EnsembleStrategy,HOLD,49.12252426147461,46.46899
2025-03-30 19:46:46,EnsembleStrategy,HOLD,49.2646484375,46.868332
2025-03-30 19:46:46,EnsembleStrategy,HOLD,49.52045440673828,47.34238
2025-03-30 19:46:46,EnsembleStrategy,SELL,49.056209564208984,47.81161
2025-03-30 19:46:47,EnsembleStrategy,HOLD,49.0893669128418,48.247707
2025-03-30 19:46:47,EnsembleStrategy,HOLD,49.47544860839844,48.654594
2025-03-30 19:46:47,EnsembleStrategy,HOLD,49.32807922363281,49.0072
2025-03-30 19:46:47,EnsembleStrategy,HOLD,49.64657974243164,49.31927
2025-03-30 19:46:47,EnsembleStrategy,HOLD,49.855751037597656,49.59737
2025-03-30 19:46:47,EnsembleStrategy,HOLD,49.97222900390625,49.843555
2025-03-30 19:46:47,EnsembleStrategy,HOLD,50.70431137084961,50.097374
2025-03-30 19:46:47,EnsembleStrategy,HOLD,51.71687698364258,50.4037
2025-03-30 19:46:47,EnsembleStrategy,HOLD,51.21296310424805,50.701336
2025-03-30 19:46:47,EnsembleStrategy,HOLD,51.11314392089844,50.969677
2025-03-30 19:46:47,EnsembleStrategy,HOLD,51.11552429199219,51.201138
2025-03-30 19:46:47,EnsembleStrategy,HOLD,51.22010803222656,51.398773
2025-03-30 19:46:48,EnsembleStrategy,HOLD,51.37936019897461,51.570915
2025-03-30 19:46:48,EnsembleStrategy,HOLD,51.80243682861328,51.741173
2025-03-30 19:46:48,EnsembleStrategy,HOLD,52.220794677734375,51.92641
2025-03-30 19:46:48,EnsembleStrategy,HOLD,53.000404357910156,52.159416
2025-03-30 19:46:48,EnsembleStrategy,HOLD,53.48767852783203,52.44285
2025-03-30 19:46:48,EnsembleStrategy,HOLD,54.105690002441406,52.78303
2025-03-30 19:46:48,EnsembleStrategy,HOLD,54.27919006347656,53.15363
2025-03-30 19:46:48,EnsembleStrategy,HOLD,53.925025939941406,53.501537
2025-03-30 19:46:48,EnsembleStrategy,HOLD,53.028926849365234,53.75705
2025-03-30 19:46:48,EnsembleStrategy,HOLD,52.60108947753906,53.904625
2025-03-30 19:46:48,EnsembleStrategy,HOLD,51.895145416259766,53.92416
2025-03-30 19:46:49,EnsembleStrategy,BUY,53.20720291137695,53.93221
2025-03-30 19:46:49,EnsembleStrategy,HOLD,52.54642105102539,53.894695
2025-03-30 19:46:49,EnsembleStrategy,HOLD,53.81568908691406,53.90637
2025-03-30 19:46:49,EnsembleStrategy,HOLD,53.2048225402832,53.917744
2025-03-30 19:46:49,EnsembleStrategy,HOLD,51.788185119628906,53.844448
2025-03-30 19:46:49,EnsembleStrategy,HOLD,51.873756408691406,53.72035
2025-03-30 19:46:49,EnsembleStrategy,HOLD,51.9046516418457,53.569695
2025-03-30 19:46:49,EnsembleStrategy,HOLD,52.29922103881836,53.434242
2025-03-30 19:46:49,EnsembleStrategy,HOLD,51.735897064208984,53.2853
2025-03-30 19:46:49,EnsembleStrategy,HOLD,52.47986602783203,53.181496
2025-03-30 19:46:50,EnsembleStrategy,HOLD,52.81263732910156,53.136387
2025-03-30 19:46:50,EnsembleStrategy,HOLD,52.39192199707031,53.11081
2025-03-30 19:46:50,EnsembleStrategy,HOLD,53.46866226196289,53.16471
2025-03-30 19:46:50,EnsembleStrategy,HOLD,53.65644836425781,53.282192
2025-03-30 19:46:50,EnsembleStrategy,HOLD,54.01772689819336,53.45866
2025-03-30 19:46:50,EnsembleStrategy,HOLD,54.497867584228516,53.694206
2025-03-30 19:46:50,EnsembleStrategy,HOLD,55.16102600097656,53.99616
2025-03-30 19:46:50,EnsembleStrategy,SELL,54.191246032714844,54.267017
2025-03-30 19:46:50,EnsembleStrategy,HOLD,53.31178665161133,54.444275
2025-03-30 19:46:50,EnsembleStrategy,HOLD,53.18819046020508,54.534878
2025-03-30 19:46:51,EnsembleStrategy,BUY,53.925025939941406,54.602665
2025-03-30 19:46:51,EnsembleStrategy,HOLD,51.42688751220703,54.500427
2025-03-30 19:46:51,EnsembleStrategy,HOLD,50.972900390625,54.25789
2025-03-30 19:46:51,EnsembleStrategy,HOLD,52.79362869262695,54.0416
2025-03-30 19:46:51,EnsembleStrategy,HOLD,51.664588928222656,53.79244
2025-03-30 19:46:51,EnsembleStrategy,HOLD,52.80311965942383,53.60707
2025-03-30 19:46:51,EnsembleStrategy,HOLD,52.5749397277832,53.466206
2025-03-30 19:46:51,EnsembleStrategy,HOLD,51.34607696533203,53.292686
2025-03-30 19:46:51,EnsembleStrategy,HOLD,52.128082275390625,53.152523
2025-03-30 19:46:51,EnsembleStrategy,HOLD,52.44658660888672,53.06283
2025-03-30 19:46:51,EnsembleStrategy,HOLD,52.94099426269531,53.0437
2025-03-30 19:46:51,EnsembleStrategy,HOLD,51.125030517578125,52.966583
2025-03-30 19:46:51,EnsembleStrategy,HOLD,52.244544982910156,52.918053
2025-03-30 19:46:52,EnsembleStrategy,HOLD,51.412628173828125,52.84173
2025-03-30 19:46:52,EnsembleStrategy,HOLD,50.44760513305664,52.692303
2025-03-30 19:46:52,EnsembleStrategy,HOLD,50.69955825805664,52.51407
2025-03-30 19:46:52,EnsembleStrategy,HOLD,52.021121978759766,52.40536
2025-03-30 19:46:52,EnsembleStrategy,HOLD,52.819766998291016,52.401974
2025-03-30 19:46:52,EnsembleStrategy,HOLD,49.31618881225586,52.2653
2025-03-30 19:46:52,EnsembleStrategy,HOLD,47.916194915771484,51.956474
2025-03-30 19:46:52,EnsembleStrategy,HOLD,48.43436050415039,51.57237
2025-03-30 19:46:52,EnsembleStrategy,HOLD,49.90328598022461,51.246353
2025-03-30 19:46:52,EnsembleStrategy,HOLD,49.72917175292969,50.974056
2025-03-30 19:46:52,EnsembleStrategy,HOLD,48.770320892333984,50.70181
2025-03-30 19:46:52,EnsembleStrategy,HOLD,46.31355667114258,50.300056
2025-03-30 19:46:53,EnsembleStrategy,HOLD,45.85082244873047,49.800907
2025-03-30 19:46:53,EnsembleStrategy,HOLD,44.555660247802734,49.185326
2025-03-30 19:46:53,EnsembleStrategy,HOLD,45.655242919921875,48.589245
2025-03-30 19:46:53,EnsembleStrategy,HOLD,46.1609001159668,48.074738
2025-03-30 19:46:53,EnsembleStrategy,HOLD,44.331451416015625,47.544693
2025-03-30 19:46:53,EnsembleStrategy,HOLD,42.213382720947266,46.911034
2025-03-30 19:46:53,EnsembleStrategy,HOLD,42.165687561035156,46.236336
2025-03-30 19:46:53,EnsembleStrategy,HOLD,41.09471893310547,45.50976
2025-03-30 19:46:53,EnsembleStrategy,HOLD,41.65047836303711,44.820618
2025-03-30 19:46:53,EnsembleStrategy,HOLD,41.55984115600586,44.195076
2025-03-30 19:46:53,EnsembleStrategy,HOLD,43.15793228149414,43.743023
2025-03-30 19:46:53,EnsembleStrategy,HOLD,42.826385498046875,43.42321
2025-03-30 19:46:53,EnsembleStrategy,HOLD,42.59502029418945,43.201004
2025-03-30 19:46:54,EnsembleStrategy,HOLD,44.08338165283203,43.141716
2025-03-30 19:46:54,EnsembleStrategy,HOLD,42.14421463012695,43.08872
2025-03-30 19:46:54,EnsembleStrategy,HOLD,41.67433166503906,43.00987
2025-03-30 19:46:54,EnsembleStrategy,HOLD,40.1883544921875,42.827618
2025-03-30 19:46:54,EnsembleStrategy,HOLD,40.45310974121094,42.592655
2025-03-30 19:46:54,EnsembleStrategy,HOLD,40.22175598144531,42.32043
2025-03-30 19:46:54,EnsembleStrategy,HOLD,40.33385467529297,42.044746
2025-03-30 19:46:54,EnsembleStrategy,HOLD,40.775108337402344,41.80888
2025-03-30 19:46:54,EnsembleStrategy,HOLD,39.470401763916016,41.54266
2025-03-30 19:46:54,EnsembleStrategy,HOLD,39.10308074951172,41.24803
2025-03-30 19:46:54,EnsembleStrategy,HOLD,39.61113357543945,40.978462
2025-03-30 19:46:54,EnsembleStrategy,HOLD,38.37558364868164,40.673523
2025-03-30 19:46:54,EnsembleStrategy,HOLD,37.40719985961914,40.3049
2025-03-30 19:46:55,EnsembleStrategy,HOLD,35.95222473144531,39.828842
2025-03-30 19:46:55,EnsembleStrategy,HOLD,35.0219841003418,39.25031
2025-03-30 19:46:55,EnsembleStrategy,HOLD,37.488285064697266,38.76925
2025-03-30 19:46:55,EnsembleStrategy,HOLD,37.24500274658203,38.378216
2025-03-30 19:46:55,EnsembleStrategy,HOLD,37.26408386230469,38.07653
2025-03-30 19:46:55,EnsembleStrategy,HOLD,37.62425231933594,37.875263
2025-03-30 19:46:55,EnsembleStrategy,HOLD,37.66717529296875,37.757786
2025-03-30 19:46:55,EnsembleStrategy,HOLD,33.915245056152344,37.496304
2025-03-30 19:46:55,EnsembleStrategy,HOLD,35.36306381225586,37.21762
2025-03-30 19:46:55,EnsembleStrategy,HOLD,35.28435516357422,36.938408
2025-03-30 19:46:55,EnsembleStrategy,HOLD,35.956993103027344,36.712273
2025-03-30 19:46:55,EnsembleStrategy,HOLD,36.56760787963867,36.57243
2025-03-30 19:46:55,EnsembleStrategy,HOLD,36.684486389160156,36.50963
2025-03-30 19:46:56,EnsembleStrategy,SELL,36.32429885864258,36.484722
2025-03-30 19:46:56,EnsembleStrategy,HOLD,35.778106689453125,36.45514
2025-03-30 19:46:56,EnsembleStrategy,HOLD,36.51035690307617,36.460896
2025-03-30 19:46:56,EnsembleStrategy,HOLD,36.956382751464844,36.515766
2025-03-30 19:46:56,EnsembleStrategy,HOLD,37.17583084106445,36.614372
2025-03-30 19:46:56,EnsembleStrategy,HOLD,37.40481948852539,36.75086
2025-03-30 19:46:56,EnsembleStrategy,HOLD,36.565223693847656,36.85919
2025-03-30 19:46:56,EnsembleStrategy,HOLD,36.71310806274414,36.946484
2025-03-30 19:46:56,EnsembleStrategy,HOLD,36.42210006713867,36.99661
2025-03-30 19:46:56,EnsembleStrategy,HOLD,37.62902069091797,37.0834
2025-03-30 19:46:56,EnsembleStrategy,HOLD,37.280784606933594,37.174797
2025-03-30 19:46:56,EnsembleStrategy,HOLD,36.89438247680664,37.242813
2025-03-30 19:46:57,EnsembleStrategy,HOLD,39.4155387878418,37.42921
2025-03-30 19:46:57,EnsembleStrategy,HOLD,39.69937515258789,37.71011
2025-03-30 19:46:57,EnsembleStrategy,HOLD,39.71846008300781,38.044205
2025-03-30 19:46:57,EnsembleStrategy,HOLD,40.8466682434082,38.458595
2025-03-30 19:46:57,EnsembleStrategy,HOLD,41.545528411865234,38.945694
2025-03-30 19:46:57,EnsembleStrategy,HOLD,41.55984115600586,39.457153
2025-03-30 19:46:57,EnsembleStrategy,HOLD,40.77273178100586,39.91024
2025-03-30 19:46:57,EnsembleStrategy,HOLD,40.82063293457031,40.294456
2025-03-30 19:46:57,EnsembleStrategy,HOLD,40.58587646484375,40.593193
2025-03-30 19:46:57,EnsembleStrategy,HOLD,40.935611724853516,40.83369
2025-03-30 19:46:57,EnsembleStrategy,HOLD,40.765525817871094,41.011333
2025-03-30 19:46:57,EnsembleStrategy,HOLD,40.9140510559082,41.144455
2025-03-30 19:46:57,EnsembleStrategy,HOLD,40.82303237915039,41.236073
2025-03-30 19:46:58,EnsembleStrategy,HOLD,40.9451904296875,41.301514
2025-03-30 19:46:58,EnsembleStrategy,HOLD,41.20869064331055,41.361713
2025-03-30 19:46:58,EnsembleStrategy,HOLD,40.976341247558594,41.403606
2025-03-30 19:46:58,EnsembleStrategy,HOLD,41.433860778808594,41.4569
2025-03-30 19:46:58,EnsembleStrategy,HOLD,41.735694885253906,41.533928
2025-03-30 19:46:58,EnsembleStrategy,HOLD,41.759647369384766,41.62605
2025-03-30 19:46:58,EnsembleStrategy,HOLD,41.88898468017578,41.731293
2025-03-30 19:46:58,EnsembleStrategy,HOLD,41.47697448730469,41.816265
2025-03-30 19:46:58,EnsembleStrategy,HOLD,41.9129524230957,41.905712
2025-03-30 19:46:58,EnsembleStrategy,HOLD,42.12374496459961,42.005535
2025-03-30 19:46:58,EnsembleStrategy,HOLD,42.04708480834961,42.103165
2025-03-30 19:46:58,EnsembleStrategy,HOLD,41.80515670776367,42.179966
2025-03-30 19:46:58,EnsembleStrategy,HOLD,41.3212776184082,42.20951
2025-03-30 19:46:59,EnsembleStrategy,BUY,41.41948699951172,42.208725
2025-03-30 19:46:59,EnsembleStrategy,HOLD,42.85435104370117,42.268387
2025-03-30 19:46:59,EnsembleStrategy,HOLD,43.335838317871094,42.39835
2025-03-30 19:46:59,EnsembleStrategy,HOLD,43.52748107910156,42.583576
2025-03-30 19:46:59,EnsembleStrategy,HOLD,44.01136016845703,42.824524
2025-03-30 19:46:59,EnsembleStrategy,HOLD,44.58385467529297,43.12349
2025-03-30 19:46:59,EnsembleStrategy,HOLD,45.03899383544922,43.471947
2025-03-30 19:46:59,EnsembleStrategy,SELL,44.682071685791016,43.813866
2025-03-30 19:46:59,EnsembleStrategy,HOLD,45.07253646850586,44.151585
2025-03-30 19:46:59,EnsembleStrategy,HOLD,46.732566833496094,44.56152
2025-03-30 19:46:59,EnsembleStrategy,HOLD,45.764808654785156,44.944996
2025-03-30 19:47:00,EnsembleStrategy,HOLD,45.211463928222656,45.25391
2025-03-30 19:47:00,EnsembleStrategy,HOLD,44.74435043334961,45.46302
2025-03-30 19:47:00,EnsembleStrategy,BUY,45.14680099487305,45.611645
2025-03-30 19:47:00,EnsembleStrategy,HOLD,45.20667266845703,45.713947
2025-03-30 19:47:00,EnsembleStrategy,HOLD,45.501312255859375,45.79686
2025-03-30 19:47:00,EnsembleStrategy,HOLD,45.81032180786133,45.88173
2025-03-30 19:47:00,EnsembleStrategy,HOLD,46.476253509521484,46.003983
2025-03-30 19:47:00,EnsembleStrategy,HOLD,46.79484176635742,46.166306
2025-03-30 19:47:00,EnsembleStrategy,HOLD,46.87629318237305,46.353546
2025-03-30 19:47:00,EnsembleStrategy,HOLD,47.19009017944336,46.565674
2025-03-30 19:47:00,EnsembleStrategy,HOLD,47.93268585205078,46.82608
2025-03-30 19:47:00,EnsembleStrategy,SELL,47.78895950317383,47.097424
2025-03-30 19:47:00,EnsembleStrategy,HOLD,48.05724334716797,47.375557
2025-03-30 19:47:01,EnsembleStrategy,HOLD,47.65721130371094,47.6182
2025-03-30 19:47:01,EnsembleStrategy,HOLD,47.638038635253906,47.819176
2025-03-30 19:47:01,EnsembleStrategy,HOLD,47.72427749633789,47.983517
2025-03-30 19:47:01,EnsembleStrategy,HOLD,47.72907638549805,48.1131
2025-03-30 19:47:01,EnsembleStrategy,HOLD,48.65849685668945,48.26603
2025-03-30 19:47:01,EnsembleStrategy,HOLD,48.83336639404297,48.439003
2025-03-30 19:47:01,EnsembleStrategy,HOLD,48.99386215209961,48.626884
2025-03-30 19:47:01,EnsembleStrategy,HOLD,49.700504302978516,48.8562
2025-03-30 19:47:01,EnsembleStrategy,HOLD,49.62385559082031,49.097565
2025-03-30 19:47:01,EnsembleStrategy,HOLD,49.17352294921875,49.30646
2025-03-30 19:47:01,EnsembleStrategy,HOLD,48.93877029418945,49.464993
2025-03-30 19:47:01,EnsembleStrategy,BUY,49.013031005859375,49.58209
2025-03-30 19:47:01,EnsembleStrategy,HOLD,48.0692253112793,49.60747
2025-03-30 19:47:02,EnsembleStrategy,HOLD,50.4287223815918,49.706177
2025-03-30 19:47:02,EnsembleStrategy,SELL,50.100547790527344,49.834724
2025-03-30 19:47:02,EnsembleStrategy,HOLD,50.723365783691406,50.015457
2025-03-30 19:47:02,EnsembleStrategy,HOLD,49.9400520324707,50.17701
2025-03-30 19:47:02,EnsembleStrategy,HOLD,48.59381866455078,50.234592
2025-03-30 19:47:02,EnsembleStrategy,BUY,48.6034049987793,50.213673
2025-03-30 19:47:02,EnsembleStrategy,HOLD,48.0811882019043,50.107086
2025-03-30 19:47:02,EnsembleStrategy,HOLD,47.41510772705078,49.907978
2025-03-30 19:47:02,EnsembleStrategy,HOLD,44.659366607666016,49.49425
2025-03-30 19:47:02,EnsembleStrategy,HOLD,45.366336822509766,48.995228
2025-03-30 19:47:02,EnsembleStrategy,HOLD,45.909786224365234,48.500175
2025-03-30 19:47:03,EnsembleStrategy,HOLD,45.70779800415039,48.03036
2025-03-30 19:47:03,EnsembleStrategy,HOLD,45.448089599609375,47.59442
2025-03-30 19:47:03,EnsembleStrategy,HOLD,44.026947021484375,47.126755
2025-03-30 19:47:03,EnsembleStrategy,HOLD,44.870975494384766,46.71199
2025-03-30 19:47:03,EnsembleStrategy,HOLD,43.952392578125,46.306118
2025-03-30 19:47:03,EnsembleStrategy,HOLD,43.20214080810547,45.886024
2025-03-30 19:47:03,EnsembleStrategy,HOLD,43.03622055053711,45.469276
2025-03-30 19:47:03,EnsembleStrategy,HOLD,42.8582763671875,45.068035
2025-03-30 19:47:03,EnsembleStrategy,HOLD,42.65387725830078,44.688942
2025-03-30 19:47:03,EnsembleStrategy,HOLD,42.87511444091797,44.35978
2025-03-30 19:47:03,EnsembleStrategy,HOLD,42.098411560058594,44.040203
2025-03-30 19:47:03,EnsembleStrategy,HOLD,41.67277526855469,43.719986
2025-03-30 19:47:03,EnsembleStrategy,HOLD,43.19733428955078,43.503155
2025-03-30 19:47:03,EnsembleStrategy,HOLD,43.894676208496094,43.413113
2025-03-30 19:47:04,EnsembleStrategy,HOLD,44.53913497924805,43.455708
2025-03-30 19:47:04,EnsembleStrategy,HOLD,45.724639892578125,43.657074
2025-03-30 19:47:04,EnsembleStrategy,HOLD,46.30897521972656,43.991898
2025-03-30 19:47:04,EnsembleStrategy,HOLD,46.8452033996582,44.430317
2025-03-30 19:47:04,EnsembleStrategy,SELL,46.69611358642578,44.904922
2025-03-30 19:47:04,EnsembleStrategy,HOLD,46.686492919921875,45.372105
2025-03-30 19:47:04,EnsembleStrategy,HOLD,46.347442626953125,45.783527
2025-03-30 19:47:04,EnsembleStrategy,HOLD,46.62397384643555,46.144386
2025-03-30 19:47:04,EnsembleStrategy,HOLD,47.72050094604492,46.511578
2025-03-30 19:47:04,EnsembleStrategy,HOLD,47.581031799316406,46.855633
2025-03-30 19:47:04,EnsembleStrategy,HOLD,47.963375091552734,47.1864
2025-03-30 19:47:04,EnsembleStrategy,HOLD,47.79985046386719,47.47989
2025-03-30 19:47:04,EnsembleStrategy,HOLD,47.75175857543945,47.72753
2025-03-30 19:47:05,EnsembleStrategy,HOLD,47.027957916259766,47.886707
2025-03-30 19:47:05,EnsembleStrategy,HOLD,48.04513168334961,48.033333
2025-03-30 19:47:05,EnsembleStrategy,HOLD,48.03070831298828,48.16386
2025-03-30 19:47:05,EnsembleStrategy,HOLD,47.59304428100586,48.251846
2025-03-30 19:47:05,EnsembleStrategy,HOLD,48.46595001220703,48.356747
2025-03-30 19:47:05,EnsembleStrategy,HOLD,48.749691009521484,48.486237
2025-03-30 19:47:05,EnsembleStrategy,HOLD,49.1536865234375,48.650627
2025-03-30 19:47:05,EnsembleStrategy,HOLD,49.11039352416992,48.828686
2025-03-30 19:47:05,EnsembleStrategy,HOLD,48.098026275634766,48.946247
2025-03-30 19:47:05,EnsembleStrategy,BUY,48.39140319824219,49.02981
2025-03-30 19:47:05,EnsembleStrategy,HOLD,48.869930267333984,49.11236
2025-03-30 19:47:05,EnsembleStrategy,HOLD,48.5140380859375,49.169582
2025-03-30 19:47:05,EnsembleStrategy,HOLD,48.88676452636719,49.228146
2025-03-30 19:47:06,EnsembleStrategy,HOLD,49.34605407714844,49.312405
2025-03-30 19:47:06,EnsembleStrategy,SELL,49.175315856933594,49.401035
2025-03-30 19:47:06,EnsembleStrategy,HOLD,48.898773193359375,49.471176
2025-03-30 19:47:06,EnsembleStrategy,HOLD,49.454261779785156,49.556522
2025-03-30 19:47:06,EnsembleStrategy,HOLD,48.716033935546875,49.604267
2025-03-30 19:47:06,EnsembleStrategy,HOLD,49.829383850097656,49.687874
2025-03-30 19:47:06,EnsembleStrategy,HOLD,50.21893310546875,49.815865
2025-03-30 19:47:06,EnsembleStrategy,HOLD,50.17805862426758,49.966305
2025-03-30 19:47:06,EnsembleStrategy,HOLD,49.781288146972656,50.10016
2025-03-30 19:47:06,EnsembleStrategy,HOLD,49.95442581176758,50.22354
2025-03-30 19:47:06,EnsembleStrategy,HOLD,50.42093276977539,50.35937
2025-03-30 19:47:06,EnsembleStrategy,HOLD,50.204505920410156,50.483356
2025-03-30 19:47:06,EnsembleStrategy,HOLD,51.2288932800293,50.65237
2025-03-30 19:47:07,EnsembleStrategy,HOLD,50.12035369873047,50.77825
2025-03-30 19:47:07,EnsembleStrategy,HOLD,49.05989456176758,50.802437
2025-03-30 19:47:07,EnsembleStrategy,HOLD,46.491722106933594,50.599514
2025-03-30 19:47:07,EnsembleStrategy,BUY,47.371822357177734,50.29872
2025-03-30 19:47:07,EnsembleStrategy,HOLD,47.862369537353516,49.97789
2025-03-30 19:47:07,EnsembleStrategy,HOLD,48.918025970458984,49.72866
2025-03-30 19:47:07,EnsembleStrategy,HOLD,48.51492691040039,49.525818
2025-03-30 19:47:07,EnsembleStrategy,HOLD,48.391807556152344,49.362614
2025-03-30 19:47:07,EnsembleStrategy,HOLD,50.44112777709961,49.357643
2025-03-30 19:47:07,EnsembleStrategy,SELL,48.93974304199219,49.377422
2025-03-30 19:47:07,EnsembleStrategy,HOLD,48.695945739746094,49.396946
2025-03-30 19:47:07,EnsembleStrategy,HOLD,49.844913482666016,49.479748
2025-03-30 19:47:07,EnsembleStrategy,HOLD,50.774227142333984,49.656685
2025-03-30 19:47:08,EnsembleStrategy,HOLD,50.776641845703125,49.889854
2025-03-30 19:47:08,EnsembleStrategy,HOLD,51.326995849609375,50.18045
2025-03-30 19:47:08,EnsembleStrategy,HOLD,51.283546447753906,50.49052
2025-03-30 19:47:08,EnsembleStrategy,HOLD,48.9131965637207,50.65308
2025-03-30 19:47:08,EnsembleStrategy,BUY,49.84250259399414,50.753056
2025-03-30 19:47:08,EnsembleStrategy,HOLD,49.280094146728516,50.768738
2025-03-30 19:47:08,EnsembleStrategy,HOLD,49.61077880859375,50.744785
2025-03-30 19:47:08,EnsembleStrategy,HOLD,50.450782775878906,50.74605
2025-03-30 19:47:08,EnsembleStrategy,SELL,50.38561248779297,50.764366
2025-03-30 19:47:08,EnsembleStrategy,HOLD,49.651817321777344,50.75162
2025-03-30 19:47:08,EnsembleStrategy,HOLD,50.49422836303711,50.767746
2025-03-30 19:47:08,EnsembleStrategy,HOLD,51.48147201538086,50.862675
2025-03-30 19:47:08,EnsembleStrategy,HOLD,51.476646423339844,51.008904
2025-03-30 19:47:09,EnsembleStrategy,HOLD,51.69630432128906,51.19579
2025-03-30 19:47:09,EnsembleStrategy,HOLD,52.3069953918457,51.43574
2025-03-30 19:47:09,EnsembleStrategy,HOLD,53.9701042175293,51.797745
2025-03-30 19:47:09,EnsembleStrategy,HOLD,53.84941864013672,52.217407
2025-03-30 19:47:09,EnsembleStrategy,HOLD,52.80181884765625,52.589176
2025-03-30 19:47:09,EnsembleStrategy,HOLD,53.079410552978516,52.91858
2025-03-30 19:47:09,EnsembleStrategy,HOLD,53.27250671386719,53.208366
2025-03-30 19:47:09,EnsembleStrategy,HOLD,53.77216339111328,53.482346
2025-03-30 19:47:09,EnsembleStrategy,HOLD,53.33527374267578,53.70334
2025-03-30 19:47:09,EnsembleStrategy,HOLD,52.55561065673828,53.82725
2025-03-30 19:47:09,EnsembleStrategy,BUY,52.79458236694336,53.890163
2025-03-30 19:47:09,EnsembleStrategy,HOLD,52.54354476928711,53.89232
2025-03-30 19:47:10,EnsembleStrategy,HOLD,53.352169036865234,53.9018
2025-03-30 19:47:10,EnsembleStrategy,HOLD,53.076995849609375,53.90227
2025-03-30 19:47:10,EnsembleStrategy,HOLD,52.818721771240234,53.88267
2025-03-30 19:47:10,EnsembleStrategy,HOLD,54.061824798583984,53.92569
2025-03-30 19:47:10,EnsembleStrategy,HOLD,54.21147155761719,54.020576
2025-03-30 19:47:10,EnsembleStrategy,HOLD,52.852508544921875,54.065342
2025-03-30 19:47:10,EnsembleStrategy,HOLD,53.30147933959961,54.097923
2025-03-30 19:47:10,EnsembleStrategy,HOLD,54.795616149902344,54.20933
2025-03-30 19:47:10,EnsembleStrategy,HOLD,54.807682037353516,54.372
2025-03-30 19:47:10,EnsembleStrategy,SELL,54.165618896484375,54.522446
2025-03-30 19:47:10,EnsembleStrategy,HOLD,54.80044174194336,54.692833
2025-03-30 19:47:10,EnsembleStrategy,HOLD,55.53907012939453,54.91083
2025-03-30 19:47:11,EnsembleStrategy,HOLD,57.01631164550781,55.23914
2025-03-30 19:47:11,EnsembleStrategy,HOLD,56.934242248535156,55.62134
2025-03-30 19:47:11,EnsembleStrategy,HOLD,56.80148696899414,56.010242
2025-03-30 19:47:11,EnsembleStrategy,HOLD,56.57217788696289,56.36426
2025-03-30 19:47:11,EnsembleStrategy,HOLD,56.79182052612305,56.683754
2025-03-30 19:47:11,EnsembleStrategy,HOLD,57.06459426879883,56.975513
2025-03-30 19:47:11,EnsembleStrategy,HOLD,58.054237365722656,57.291023
2025-03-30 19:47:11,EnsembleStrategy,HOLD,57.92148208618164,57.596977
2025-03-30 19:47:11,EnsembleStrategy,HOLD,58.69872283935547,57.92632
2025-03-30 19:47:11,EnsembleStrategy,HOLD,58.7952766418457,58.258873
2025-03-30 19:47:11,EnsembleStrategy,HOLD,59.5194091796875,58.619072
2025-03-30 19:47:11,EnsembleStrategy,HOLD,60.11562728881836,59.01384
2025-03-30 19:47:11,EnsembleStrategy,HOLD,58.725276947021484,59.323017
2025-03-30 19:47:12,EnsembleStrategy,HOLD,58.71803283691406,59.55223
2025-03-30 19:47:12,EnsembleStrategy,HOLD,60.04562759399414,59.792927
2025-03-30 19:47:12,EnsembleStrategy,HOLD,61.74977493286133,60.134228
2025-03-30 19:47:12,EnsembleStrategy,HOLD,62.15528106689453,60.553093
2025-03-30 19:47:12,EnsembleStrategy,HOLD,62.06598663330078,60.99719
2025-03-30 19:47:12,EnsembleStrategy,HOLD,62.092525482177734,61.432896
2025-03-30 19:47:12,EnsembleStrategy,HOLD,62.80915451049805,61.8798
2025-03-30 19:47:12,EnsembleStrategy,HOLD,62.98106002807617,62.316994
2025-03-30 19:47:12,EnsembleStrategy,HOLD,63.479774475097656,62.751472
2025-03-30 19:47:12,EnsembleStrategy,HOLD,63.42167282104492,63.15367
2025-03-30 19:47:12,EnsembleStrategy,HOLD,64.02935791015625,63.547565
2025-03-30 19:47:12,EnsembleStrategy,HOLD,63.5863151550293,63.88311
2025-03-30 19:47:13,EnsembleStrategy,HOLD,64.34169006347656,64.205475
2025-03-30 19:47:13,EnsembleStrategy,HOLD,64.66609954833984,64.51977
2025-03-30 19:47:13,EnsembleStrategy,HOLD,64.46998596191406,64.79796
2025-03-30 19:47:13,EnsembleStrategy,HOLD,63.7194709777832,64.986694
2025-03-30 19:47:13,EnsembleStrategy,HOLD,63.43379211425781,65.083565
2025-03-30 19:47:13,EnsembleStrategy,HOLD,63.378082275390625,65.106834
2025-03-30 19:47:13,EnsembleStrategy,BUY,64.4893569946289,65.14953
2025-03-30 19:47:13,EnsembleStrategy,HOLD,63.98575210571289,65.17289
2025-03-30 19:47:13,EnsembleStrategy,HOLD,64.84524536132812,65.23887
2025-03-30 19:47:13,EnsembleStrategy,SELL,64.7024154663086,65.322105
2025-03-30 19:47:13,EnsembleStrategy,HOLD,63.95430374145508,65.365746
2025-03-30 19:47:13,EnsembleStrategy,HOLD,62.813995361328125,65.30633
2025-03-30 19:47:13,EnsembleStrategy,BUY,63.36842346191406,65.21382
2025-03-30 19:47:14,EnsembleStrategy,HOLD,64.2981185913086,65.16239
2025-03-30 19:47:14,EnsembleStrategy,HOLD,65.54010009765625,65.22339
2025-03-30 19:47:14,EnsembleStrategy,HOLD,64.6225357055664,65.30214
2025-03-30 19:47:14,EnsembleStrategy,HOLD,65.00021362304688,65.41376
2025-03-30 19:47:14,EnsembleStrategy,HOLD,65.55461120605469,65.57577
2025-03-30 19:47:14,EnsembleStrategy,HOLD,65.72168731689453,65.77241
2025-03-30 19:47:14,EnsembleStrategy,HOLD,66.61502838134766,66.03714
2025-03-30 19:47:14,EnsembleStrategy,HOLD,67.7553482055664,66.40471
2025-03-30 19:47:14,EnsembleStrategy,HOLD,67.88851165771484,66.82928
2025-03-30 19:47:14,EnsembleStrategy,SELL,67.72628784179688,67.256325
2025-03-30 19:47:14,EnsembleStrategy,HOLD,67.79407501220703,67.66108
2025-03-30 19:47:14,EnsembleStrategy,HOLD,67.65365600585938,68.013794
2025-03-30 19:47:14,EnsembleStrategy,HOLD,68.7576675415039,68.37848
2025-03-30 19:47:14,EnsembleStrategy,HOLD,68.82302856445312,68.73194
2025-03-30 19:47:15,EnsembleStrategy,HOLD,70.18849182128906,69.14514
2025-03-30 19:47:15,EnsembleStrategy,HOLD,70.161865234375,69.57201
2025-03-30 19:47:15,EnsembleStrategy,HOLD,70.57827758789062,70.01005
2025-03-30 19:47:15,EnsembleStrategy,HOLD,71.0939712524414,70.46112
2025-03-30 19:47:15,EnsembleStrategy,HOLD,72.71607971191406,70.99853
2025-03-30 19:47:15,EnsembleStrategy,HOLD,72.00912475585938,71.51505
2025-03-30 19:47:15,EnsembleStrategy,HOLD,72.58291625976562,72.023415
2025-03-30 19:47:15,EnsembleStrategy,HOLD,72.24153900146484,72.46965
2025-03-30 19:47:15,EnsembleStrategy,HOLD,73.40364074707031,72.920876
2025-03-30 19:47:15,EnsembleStrategy,HOLD,74.96279907226562,73.44847
2025-03-30 19:47:15,EnsembleStrategy,HOLD,75.13227081298828,74.007484
2025-03-30 19:47:15,EnsembleStrategy,HOLD,76.7374267578125,74.660645
2025-03-30 19:47:15,EnsembleStrategy,HOLD,75.70121002197266,75.26738
2025-03-30 19:47:15,EnsembleStrategy,HOLD,75.3768081665039,75.782845
2025-03-30 19:47:16,EnsembleStrategy,HOLD,76.32100677490234,76.263596
2025-03-30 19:47:16,EnsembleStrategy,HOLD,77.16593933105469,76.74374
2025-03-30 19:47:16,EnsembleStrategy,HOLD,76.64300537109375,77.15763
2025-03-30 19:47:16,EnsembleStrategy,HOLD,76.91658020019531,77.51928
2025-03-30 19:47:16,EnsembleStrategy,HOLD,77.2869873046875,77.846886
2025-03-30 19:47:16,EnsembleStrategy,HOLD,77.06424713134766,78.115036
2025-03-30 19:47:16,EnsembleStrategy,HOLD,74.79816436767578,78.17352
2025-03-30 19:47:16,EnsembleStrategy,BUY,76.91415405273438,78.22925
2025-03-30 19:47:16,EnsembleStrategy,HOLD,78.5241470336914,78.38459
2025-03-30 19:47:16,EnsembleStrategy,SELL,78.4103775024414,78.593094
2025-03-30 19:47:16,EnsembleStrategy,HOLD,74.93375396728516,78.59408
2025-03-30 19:47:16,EnsembleStrategy,HOLD,74.72795104980469,78.44259
2025-03-30 19:47:16,EnsembleStrategy,BUY,77.19499969482422,78.35857
2025-03-30 19:47:17,EnsembleStrategy,HOLD,77.824462890625,78.36677
2025-03-30 19:47:17,EnsembleStrategy,HOLD,78.73477935791016,78.502975
2025-03-30 19:47:17,EnsembleStrategy,HOLD,77.66455841064453,78.64813
2025-03-30 19:47:17,EnsembleStrategy,HOLD,78.03343963623047,78.81656
2025-03-30 19:47:17,EnsembleStrategy,HOLD,77.56263732910156,78.95605
2025-03-30 19:47:17,EnsembleStrategy,HOLD,79.4045639038086,79.19045
2025-03-30 19:47:17,EnsembleStrategy,SELL,78.8391342163086,79.433395
2025-03-30 19:47:17,EnsembleStrategy,BUY,78.8585433959961,79.669205
2025-03-30 19:47:17,EnsembleStrategy,HOLD,77.41461181640625,79.786354
2025-03-30 19:47:17,EnsembleStrategy,HOLD,78.53578186035156,79.8906
2025-03-30 19:47:17,EnsembleStrategy,HOLD,77.73008728027344,79.921646
2025-03-30 19:47:17,EnsembleStrategy,HOLD,75.97066497802734,79.782845
2025-03-30 19:47:17,EnsembleStrategy,HOLD,72.36202239990234,79.29439
2025-03-30 19:47:18,EnsembleStrategy,HOLD,69.9109878540039,78.43716
2025-03-30 19:47:18,EnsembleStrategy,HOLD,71.02002716064453,77.45829
2025-03-30 19:47:18,EnsembleStrategy,HOLD,66.37757110595703,76.15202
2025-03-30 19:47:18,EnsembleStrategy,HOLD,66.3387451171875,74.71612
2025-03-30 19:47:18,EnsembleStrategy,HOLD,72.51490783691406,73.691864
2025-03-30 19:47:18,EnsembleStrategy,HOLD,70.21189880371094,72.86544
2025-03-30 19:47:18,EnsembleStrategy,HOLD,73.46863555908203,72.45502
2025-03-30 19:47:18,EnsembleStrategy,HOLD,71.08554077148438,72.198425
2025-03-30 19:47:18,EnsembleStrategy,HOLD,70.14153289794922,72.00394
2025-03-30 19:47:18,EnsembleStrategy,HOLD,64.59388732910156,71.49535
2025-03-30 19:47:18,EnsembleStrategy,HOLD,69.24604034423828,71.10391
2025-03-30 19:47:18,EnsembleStrategy,HOLD,66.8410873413086,70.64889
2025-03-30 19:47:19,EnsembleStrategy,HOLD,60.240211486816406,69.75556
2025-03-30 19:47:19,EnsembleStrategy,HOLD,67.45748901367188,69.08583
2025-03-30 19:47:19,EnsembleStrategy,HOLD,58.779293060302734,68.04762
2025-03-30 19:47:19,EnsembleStrategy,HOLD,61.36382293701172,66.99848
2025-03-30 19:47:19,EnsembleStrategy,HOLD,59.86164093017578,65.9065
2025-03-30 19:47:19,EnsembleStrategy,HOLD,59.40297317504883,64.82988
2025-03-30 19:47:19,EnsembleStrategy,HOLD,55.63174057006836,63.595947
2025-03-30 19:47:19,EnsembleStrategy,HOLD,54.44989013671875,62.25952
2025-03-30 19:47:19,EnsembleStrategy,HOLD,59.912601470947266,61.27331
2025-03-30 19:47:19,EnsembleStrategy,HOLD,59.58255386352539,60.571877
2025-03-30 19:47:19,EnsembleStrategy,HOLD,62.71796417236328,60.311302
2025-03-30 19:47:19,EnsembleStrategy,SELL,60.121299743652344,60.21212
2025-03-30 19:47:19,EnsembleStrategy,HOLD,61.83704376220703,60.334587
2025-03-30 19:47:19,EnsembleStrategy,HOLD,61.710853576660156,60.58825
2025-03-30 19:47:20,EnsembleStrategy,HOLD,58.46380615234375,60.708267
2025-03-30 19:47:20,EnsembleStrategy,BUY,59.43936538696289,60.78157
2025-03-30 19:47:20,EnsembleStrategy,HOLD,58.585140228271484,60.75792
2025-03-30 19:47:20,EnsembleStrategy,HOLD,63.69596481323242,60.9861
2025-03-30 19:47:20,EnsembleStrategy,SELL,62.95821762084961,61.33122
2025-03-30 19:47:20,EnsembleStrategy,HOLD,64.56959533691406,61.841152
2025-03-30 19:47:20,EnsembleStrategy,HOLD,65.0355453491211,62.46458
2025-03-30 19:47:20,EnsembleStrategy,HOLD,66.31204223632812,63.207314
2025-03-30 19:47:20,EnsembleStrategy,HOLD,69.66100311279297,64.19609
2025-03-30 19:47:20,EnsembleStrategy,HOLD,69.02518463134766,65.25529
2025-03-30 19:47:20,EnsembleStrategy,HOLD,69.57366943359375,66.33084
2025-03-30 19:47:20,EnsembleStrategy,HOLD,68.62962341308594,67.28649
2025-03-30 19:47:21,EnsembleStrategy,HOLD,67.20510864257812,68.00296
2025-03-30 19:47:21,EnsembleStrategy,HOLD,65.12777709960938,68.37193
2025-03-30 19:47:21,EnsembleStrategy,BUY,67.0036849975586,68.59428
2025-03-30 19:47:21,EnsembleStrategy,HOLD,66.74400329589844,68.685684
2025-03-30 19:47:21,EnsembleStrategy,HOLD,68.67086029052734,68.81294
2025-03-30 19:47:21,EnsembleStrategy,HOLD,68.71942901611328,68.96181
2025-03-30 19:47:21,EnsembleStrategy,HOLD,67.60552215576172,69.05359
2025-03-30 19:47:21,EnsembleStrategy,HOLD,69.82603454589844,69.24479
2025-03-30 19:47:21,EnsembleStrategy,HOLD,71.29907989501953,69.5892
2025-03-30 19:47:21,EnsembleStrategy,SELL,70.15122985839844,69.94559
2025-03-30 19:47:21,EnsembleStrategy,HOLD,71.14378356933594,70.35512
2025-03-30 19:47:21,EnsembleStrategy,HOLD,72.2115707397461,70.842545
2025-03-30 19:47:22,EnsembleStrategy,HOLD,72.95657348632812,71.39903
2025-03-30 19:47:22,EnsembleStrategy,HOLD,73.71134185791016,72.018326
2025-03-30 19:47:22,EnsembleStrategy,HOLD,75.46578979492188,72.755646
2025-03-30 19:47:22,EnsembleStrategy,HOLD,76.65327453613281,73.60655
2025-03-30 19:47:22,EnsembleStrategy,HOLD,75.77725219726562,74.422295
2025-03-30 19:47:22,EnsembleStrategy,HOLD,74.8623046875,75.1005
2025-03-30 19:47:22,EnsembleStrategy,HOLD,75.32221984863281,75.66914
2025-03-30 19:47:22,EnsembleStrategy,HOLD,74.87691497802734,76.09198
2025-03-30 19:47:22,EnsembleStrategy,HOLD,76.64107513427734,76.5062
2025-03-30 19:47:22,EnsembleStrategy,HOLD,76.19823455810547,76.85592
2025-03-30 19:47:22,EnsembleStrategy,HOLD,77.68013000488281,77.2434
2025-03-30 19:47:22,EnsembleStrategy,HOLD,77.10099029541016,77.59269
2025-03-30 19:47:22,EnsembleStrategy,HOLD,77.59739685058594,77.92985
2025-03-30 19:47:23,EnsembleStrategy,HOLD,77.07180786132812,78.20087
2025-03-30 19:47:23,EnsembleStrategy,BUY,77.40760040283203,78.4317
2025-03-30 19:47:23,EnsembleStrategy,HOLD,77.44165802001953,78.6227
2025-03-30 19:47:23,EnsembleStrategy,HOLD,77.36624145507812,78.76932
2025-03-30 19:47:23,EnsembleStrategy,HOLD,78.31767272949219,78.941605
2025-03-30 19:47:23,EnsembleStrategy,HOLD,78.68024444580078,79.145195
2025-03-30 19:47:23,EnsembleStrategy,HOLD,79.11337280273438,79.38844
2025-03-30 19:47:23,EnsembleStrategy,HOLD,78.43203735351562,79.59643
2025-03-30 19:47:23,EnsembleStrategy,HOLD,80.66585540771484,79.91989
2025-03-30 19:47:23,EnsembleStrategy,HOLD,81.14281463623047,80.33028
2025-03-30 19:47:23,EnsembleStrategy,HOLD,83.70513153076172,80.95052
2025-03-30 19:47:23,EnsembleStrategy,HOLD,85.85865783691406,81.82056
2025-03-30 19:47:23,EnsembleStrategy,SELL,81.73654174804688,82.520615
2025-03-30 19:47:23,EnsembleStrategy,HOLD,82.44219970703125,83.11091
2025-03-30 19:47:24,EnsembleStrategy,HOLD,83.46180725097656,83.64914
2025-03-30 19:47:24,EnsembleStrategy,HOLD,85.67372131347656,84.2648
2025-03-30 19:47:24,EnsembleStrategy,HOLD,85.55450439453125,84.88285
2025-03-30 19:47:24,EnsembleStrategy,HOLD,85.58855438232422,85.46741
2025-03-30 19:47:24,EnsembleStrategy,HOLD,85.09944915771484,85.95629
2025-03-30 19:47:24,EnsembleStrategy,HOLD,87.32595825195312,86.501945
2025-03-30 19:47:24,EnsembleStrategy,HOLD,89.18990325927734,87.176544
2025-03-30 19:47:24,EnsembleStrategy,HOLD,87.61553955078125,87.78502
2025-03-30 19:47:24,EnsembleStrategy,HOLD,88.7786865234375,88.39439
2025-03-30 19:47:24,EnsembleStrategy,HOLD,86.05088806152344,88.7669
2025-03-30 19:47:24,EnsembleStrategy,BUY,88.03408813476562,89.09675
2025-03-30 19:47:24,EnsembleStrategy,HOLD,88.76895904541016,89.41924
2025-03-30 19:47:24,EnsembleStrategy,HOLD,88.6010513305664,89.70534
2025-03-30 19:47:24,EnsembleStrategy,HOLD,88.6010513305664,89.94953
2025-03-30 19:47:24,EnsembleStrategy,HOLD,90.97113800048828,90.31796
2025-03-30 19:47:25,EnsembleStrategy,SELL,90.68887329101562,90.722725
2025-03-30 19:47:25,EnsembleStrategy,HOLD,92.801025390625,91.279465
2025-03-30 19:47:25,EnsembleStrategy,HOLD,93.2000961303711,91.92689
2025-03-30 19:47:25,EnsembleStrategy,HOLD,93.36314392089844,92.60523
2025-03-30 19:47:25,EnsembleStrategy,HOLD,92.93244934082031,93.22695
2025-03-30 19:47:25,EnsembleStrategy,HOLD,94.4703140258789,93.87654
2025-03-30 19:47:25,EnsembleStrategy,HOLD,95.12003326416016,94.54217
2025-03-30 19:47:25,EnsembleStrategy,HOLD,93.94956970214844,95.08823
2025-03-30 19:47:25,EnsembleStrategy,HOLD,93.75977325439453,95.504944
2025-03-30 19:47:25,EnsembleStrategy,HOLD,95.73564910888672,95.94461
2025-03-30 19:47:25,EnsembleStrategy,HOLD,94.41436767578125,96.26961
2025-03-30 19:47:25,EnsembleStrategy,BUY,94.6795883178711,96.51844
2025-03-30 19:47:26,EnsembleStrategy,HOLD,90.3701171875,96.38515
2025-03-30 19:47:26,EnsembleStrategy,HOLD,90.14622497558594,95.99895
2025-03-30 19:47:26,EnsembleStrategy,HOLD,92.28271484375,95.61587
2025-03-30 19:47:26,EnsembleStrategy,HOLD,90.76673889160156,95.14835
2025-03-30 19:47:26,EnsembleStrategy,HOLD,92.50658416748047,94.79007
2025-03-30 19:47:26,EnsembleStrategy,HOLD,93.62593841552734,94.61002
2025-03-30 19:47:26,EnsembleStrategy,HOLD,103.42752838134766,95.27173
2025-03-30 19:47:26,EnsembleStrategy,HOLD,106.03363800048828,96.63632
2025-03-30 19:47:26,EnsembleStrategy,HOLD,106.74175262451172,98.448135
2025-03-30 19:47:26,EnsembleStrategy,HOLD,107.12866973876953,100.47033
2025-03-30 19:47:26,EnsembleStrategy,HOLD,110.86628723144531,102.76755
2025-03-30 19:47:26,EnsembleStrategy,SELL,108.34565734863281,104.88415
2025-03-30 19:47:26,EnsembleStrategy,HOLD,109.92045593261719,106.850945
2025-03-30 19:47:26,EnsembleStrategy,HOLD,106.65142059326172,108.3119
2025-03-30 19:47:27,EnsembleStrategy,HOLD,110.19591522216797,109.598885
2025-03-30 19:47:27,EnsembleStrategy,HOLD,112.14610290527344,110.805725
2025-03-30 19:47:27,EnsembleStrategy,HOLD,112.04618072509766,111.86187
2025-03-30 19:47:27,EnsembleStrategy,HOLD,111.75363159179688,112.721954
2025-03-30 19:47:27,EnsembleStrategy,HOLD,112.68484497070312,113.46234
2025-03-30 19:47:27,EnsembleStrategy,BUY,112.82623291015625,114.07467
2025-03-30 19:47:27,EnsembleStrategy,HOLD,115.32980346679688,114.7507
2025-03-30 19:47:27,EnsembleStrategy,HOLD,121.27305603027344,115.8724
2025-03-30 19:47:27,EnsembleStrategy,HOLD,122.72348022460938,117.31068
2025-03-30 19:47:27,EnsembleStrategy,SELL,121.71670532226562,118.78356
2025-03-30 19:47:27,EnsembleStrategy,HOLD,123.37194061279297,120.3079
2025-03-30 19:47:27,EnsembleStrategy,HOLD,121.89708709716797,121.62688
2025-03-30 19:47:28,EnsembleStrategy,HOLD,121.69963073730469,122.696236
2025-03-30 19:47:28,EnsembleStrategy,HOLD,125.82674407958984,123.83758
2025-03-30 19:47:28,EnsembleStrategy,HOLD,130.83872985839844,125.32112
2025-03-30 19:47:28,EnsembleStrategy,HOLD,128.1279754638672,126.69027
2025-03-30 19:47:28,EnsembleStrategy,HOLD,117.86992645263672,127.08156
2025-03-30 19:47:28,EnsembleStrategy,BUY,117.94795227050781,126.83602
2025-03-30 19:47:28,EnsembleStrategy,HOLD,110.01065063476562,125.52917
2025-03-30 19:47:28,EnsembleStrategy,HOLD,114.39859008789062,123.99748
2025-03-30 19:47:28,EnsembleStrategy,HOLD,110.66395568847656,122.10595
2025-03-30 19:47:28,EnsembleStrategy,HOLD,109.2110595703125,120.03403
2025-03-30 19:47:28,EnsembleStrategy,HOLD,112.48739624023438,118.256935
2025-03-30 19:47:28,EnsembleStrategy,HOLD,112.66292572021484,116.81583
2025-03-30 19:47:28,EnsembleStrategy,HOLD,109.33782958984375,115.4618
2025-03-30 19:47:28,EnsembleStrategy,HOLD,107.5923843383789,114.15286
2025-03-30 19:47:29,EnsembleStrategy,HOLD,104.17952728271484,112.711205
2025-03-30 19:47:29,EnsembleStrategy,HOLD,107.33888244628906,111.54052
2025-03-30 19:47:29,EnsembleStrategy,HOLD,109.02578735351562,110.74449
2025-03-30 19:47:29,EnsembleStrategy,HOLD,104.45259094238281,109.913315
2025-03-30 19:47:29,EnsembleStrategy,HOLD,105.52518463134766,109.21815
2025-03-30 19:47:29,EnsembleStrategy,HOLD,109.48409271240234,108.953804
2025-03-30 19:47:29,EnsembleStrategy,HOLD,112.09733581542969,109.18368
2025-03-30 19:47:29,EnsembleStrategy,SELL,111.2490234375,109.664406
2025-03-30 19:47:29,EnsembleStrategy,HOLD,112.92616271972656,110.41453
2025-03-30 19:47:29,EnsembleStrategy,HOLD,113.88178253173828,111.35705
2025-03-30 19:47:29,EnsembleStrategy,HOLD,110.2056655883789,112.07358
2025-03-30 19:47:29,EnsembleStrategy,HOLD,113.59899139404297,112.85266
2025-03-30 19:47:30,EnsembleStrategy,HOLD,110.3421630859375,113.34702
2025-03-30 19:47:30,EnsembleStrategy,BUY,112.21436309814453,113.77098
2025-03-30 19:47:30,EnsembleStrategy,HOLD,112.10709381103516,114.09405
2025-03-30 19:47:30,EnsembleStrategy,HOLD,114.05729675292969,114.47907
2025-03-30 19:47:30,EnsembleStrategy,HOLD,121.30227661132812,115.43015
2025-03-30 19:47:30,EnsembleStrategy,SELL,118.0844497680664,116.419754
2025-03-30 19:47:30,EnsembleStrategy,HOLD,118.17221069335938,117.39303
2025-03-30 19:47:30,EnsembleStrategy,HOLD,117.70417022705078,118.24612
2025-03-30 19:47:30,EnsembleStrategy,HOLD,116.0562515258789,118.828865
2025-03-30 19:47:30,EnsembleStrategy,HOLD,113.09195709228516,118.95233
2025-03-30 19:47:30,EnsembleStrategy,BUY,114.5838623046875,118.88621
2025-03-30 19:47:30,EnsembleStrategy,HOLD,113.95979309082031,118.63027
2025-03-30 19:47:30,EnsembleStrategy,HOLD,112.86768341064453,118.19061
2025-03-30 19:47:31,EnsembleStrategy,HOLD,112.17536163330078,117.612816
2025-03-30 19:47:31,EnsembleStrategy,HOLD,112.18511199951172,116.987206
2025-03-30 19:47:31,EnsembleStrategy,HOLD,113.69652557373047,116.4954
2025-03-30 19:47:31,EnsembleStrategy,HOLD,108.43097686767578,115.721825
2025-03-30 19:47:31,EnsembleStrategy,HOLD,112.44840240478516,115.1517
2025-03-30 19:47:31,EnsembleStrategy,HOLD,106.1492691040039,114.25494
2025-03-30 19:47:31,EnsembleStrategy,HOLD,106.0615005493164,113.22592
2025-03-30 19:47:31,EnsembleStrategy,HOLD,107.68989562988281,112.30106
2025-03-30 19:47:31,EnsembleStrategy,HOLD,112.08759307861328,111.84592
2025-03-30 19:47:31,EnsembleStrategy,HOLD,116.06599426269531,112.03007
2025-03-30 19:47:31,EnsembleStrategy,SELL,115.93416595458984,112.61665
2025-03-30 19:47:31,EnsembleStrategy,HOLD,113.61917877197266,113.26426
2025-03-30 19:47:31,EnsembleStrategy,HOLD,113.27730560302734,113.888504
2025-03-30 19:47:32,EnsembleStrategy,HOLD,116.71556854248047,114.707146
2025-03-30 19:47:32,EnsembleStrategy,HOLD,116.44207000732422,115.556816
2025-03-30 19:47:32,EnsembleStrategy,HOLD,116.49089050292969,116.374695
2025-03-30 19:47:32,EnsembleStrategy,HOLD,117.50676727294922,117.18417
2025-03-30 19:47:32,EnsembleStrategy,HOLD,116.61790466308594,117.856705
2025-03-30 19:47:32,EnsembleStrategy,HOLD,115.28946685791016,118.284355
2025-03-30 19:47:32,EnsembleStrategy,BUY,115.88531494140625,118.56558
2025-03-30 19:47:32,EnsembleStrategy,HOLD,114.61548614501953,118.62126
2025-03-30 19:47:32,EnsembleStrategy,HOLD,111.20651245117188,118.257614
2025-03-30 19:47:32,EnsembleStrategy,HOLD,112.49588012695312,117.758064
2025-03-30 19:47:32,EnsembleStrategy,HOLD,113.33590698242188,117.2581
2025-03-30 19:47:32,EnsembleStrategy,HOLD,113.88288879394531,116.837524
2025-03-30 19:47:32,EnsembleStrategy,HOLD,116.28577423095703,116.69118
2025-03-30 19:47:32,EnsembleStrategy,HOLD,119.87057495117188,117.01413
2025-03-30 19:47:33,EnsembleStrategy,HOLD,120.22221374511719,117.64645
2025-03-30 19:47:33,EnsembleStrategy,SELL,120.08547973632812,118.43687
2025-03-30 19:47:33,EnsembleStrategy,HOLD,119.4114990234375,119.22366
2025-03-30 19:47:33,EnsembleStrategy,HOLD,120.87665557861328,120.06325
2025-03-30 19:47:33,EnsembleStrategy,HOLD,121.49201965332031,120.9124
2025-03-30 19:47:33,EnsembleStrategy,HOLD,118.95237731933594,121.49968
2025-03-30 19:47:33,EnsembleStrategy,BUY,120.37850189208984,121.99339
2025-03-30 19:47:33,EnsembleStrategy,HOLD,119.56776428222656,122.30608
2025-03-30 19:47:33,EnsembleStrategy,HOLD,118.95237731933594,122.435326
2025-03-30 19:47:33,EnsembleStrategy,HOLD,124.9107437133789,122.90131
2025-03-30 19:47:33,EnsembleStrategy,SELL,124.8423843383789,123.52568
2025-03-30 19:47:33,EnsembleStrategy,HOLD,125.71173095703125,124.28802
2025-03-30 19:47:33,EnsembleStrategy,HOLD,123.71907043457031,124.92521
2025-03-30 19:47:33,EnsembleStrategy,HOLD,125.25263214111328,125.56358
2025-03-30 19:47:34,EnsembleStrategy,HOLD,128.81787109375,126.42795
2025-03-30 19:47:34,EnsembleStrategy,HOLD,127.91925811767578,127.28889
2025-03-30 19:47:34,EnsembleStrategy,HOLD,128.90576171875,128.16803
2025-03-30 19:47:34,EnsembleStrategy,HOLD,133.51625061035156,129.35933
2025-03-30 19:47:34,EnsembleStrategy,HOLD,131.7384490966797,130.50272
2025-03-30 19:47:34,EnsembleStrategy,HOLD,130.61517333984375,131.44952
2025-03-30 19:47:34,EnsembleStrategy,HOLD,129.6090850830078,132.11273
2025-03-30 19:47:34,EnsembleStrategy,HOLD,126.40522766113281,132.27434
2025-03-30 19:47:34,EnsembleStrategy,BUY,127.96807861328125,132.22545
2025-03-30 19:47:34,EnsembleStrategy,HOLD,123.66047668457031,131.67628
2025-03-30 19:47:34,EnsembleStrategy,HOLD,127.88018035888672,131.20389
2025-03-30 19:47:34,EnsembleStrategy,HOLD,128.9839630126953,130.87865
2025-03-30 19:47:34,EnsembleStrategy,HOLD,125.98521423339844,130.43776
2025-03-30 19:47:35,EnsembleStrategy,HOLD,125.80938720703125,129.96204
2025-03-30 19:47:35,EnsembleStrategy,HOLD,127.85083770751953,129.66089
2025-03-30 19:47:35,EnsembleStrategy,HOLD,125.91683959960938,129.33078
2025-03-30 19:47:35,EnsembleStrategy,HOLD,124.18794250488281,128.88321
2025-03-30 19:47:35,EnsembleStrategy,HOLD,124.8619155883789,128.4529
2025-03-30 19:47:35,EnsembleStrategy,HOLD,128.9644012451172,128.38976
2025-03-30 19:47:35,EnsembleStrategy,HOLD,133.69204711914062,128.93639
2025-03-30 19:47:35,EnsembleStrategy,HOLD,135.84092712402344,130.00955
2025-03-30 19:47:35,EnsembleStrategy,HOLD,139.60159301757812,131.66267
2025-03-30 19:47:35,EnsembleStrategy,HOLD,139.83595275878906,133.5819
2025-03-30 19:47:35,EnsembleStrategy,SELL,138.76153564453125,135.44785
2025-03-30 19:47:35,EnsembleStrategy,HOLD,133.90689086914062,136.73503
2025-03-30 19:47:36,EnsembleStrategy,HOLD,128.89601135253906,137.13402
2025-03-30 19:47:36,EnsembleStrategy,BUY,131.02542114257812,137.09955
2025-03-30 19:47:36,EnsembleStrategy,HOLD,131.85572814941406,136.81882
2025-03-30 19:47:36,EnsembleStrategy,HOLD,130.830078125,136.31033
2025-03-30 19:47:36,EnsembleStrategy,HOLD,134.19996643066406,135.97534
2025-03-30 19:47:36,EnsembleStrategy,HOLD,133.78419494628906,135.72995
2025-03-30 19:47:36,EnsembleStrategy,HOLD,133.930908203125,135.5897
2025-03-30 19:47:36,EnsembleStrategy,HOLD,133.05055236816406,135.4594
2025-03-30 19:47:36,EnsembleStrategy,HOLD,132.4439697265625,135.29865
2025-03-30 19:47:36,EnsembleStrategy,HOLD,132.18963623046875,135.11446
2025-03-30 19:47:36,EnsembleStrategy,HOLD,132.4244384765625,134.9471
2025-03-30 19:47:36,EnsembleStrategy,HOLD,130.29188537597656,134.62701
2025-03-30 19:47:37,EnsembleStrategy,HOLD,127.99298858642578,134.05675
2025-03-30 19:47:37,EnsembleStrategy,HOLD,126.8875961303711,133.28082
2025-03-30 19:47:37,EnsembleStrategy,HOLD,127.04411315917969,132.44728
2025-03-30 19:47:37,EnsembleStrategy,HOLD,123.25833129882812,131.32533
2025-03-30 19:47:37,EnsembleStrategy,HOLD,123.1213607788086,130.11201
2025-03-30 19:47:37,EnsembleStrategy,HOLD,122.62247467041016,128.89168
2025-03-30 19:47:37,EnsembleStrategy,HOLD,118.35733032226562,127.4218
2025-03-30 19:47:37,EnsembleStrategy,HOLD,118.62145233154297,125.9431
2025-03-30 19:47:37,EnsembleStrategy,HOLD,125.00938415527344,125.075874
2025-03-30 19:47:37,EnsembleStrategy,HOLD,122.3974609375,124.44617
2025-03-30 19:47:37,EnsembleStrategy,HOLD,119.40406036376953,123.81218
2025-03-30 19:47:37,EnsembleStrategy,HOLD,117.51604461669922,123.08636
2025-03-30 19:47:37,EnsembleStrategy,HOLD,118.77798461914062,122.45499
2025-03-30 19:47:37,EnsembleStrategy,HOLD,113.82807159423828,121.53435
2025-03-30 19:47:37,EnsembleStrategy,HOLD,118.45514678955078,120.8753
2025-03-30 19:47:38,EnsembleStrategy,HOLD,117.36931610107422,120.32917
2025-03-30 19:47:38,EnsembleStrategy,HOLD,119.30623626708984,120.064835
2025-03-30 19:47:38,EnsembleStrategy,HOLD,118.3964614868164,119.93447
2025-03-30 19:47:38,EnsembleStrategy,HOLD,121.29206848144531,120.140175
2025-03-30 19:47:38,EnsembleStrategy,HOLD,122.83768463134766,120.660095
2025-03-30 19:47:38,EnsembleStrategy,SELL,122.04532623291016,121.28791
2025-03-30 19:47:38,EnsembleStrategy,HOLD,117.90733337402344,121.62199
2025-03-30 19:47:38,EnsembleStrategy,HOLD,117.37908935546875,121.70385
2025-03-30 19:47:38,EnsembleStrategy,HOLD,120.70511627197266,121.865746
2025-03-30 19:47:38,EnsembleStrategy,HOLD,119.87361907958984,121.98387
2025-03-30 19:47:38,EnsembleStrategy,HOLD,117.47691345214844,121.88479
2025-03-30 19:47:38,EnsembleStrategy,BUY,117.96604919433594,121.69752
2025-03-30 19:47:39,EnsembleStrategy,HOLD,118.57254791259766,121.506805
2025-03-30 19:47:39,EnsembleStrategy,HOLD,118.7486343383789,121.33936
2025-03-30 19:47:39,EnsembleStrategy,HOLD,117.29107666015625,121.088715
2025-03-30 19:47:39,EnsembleStrategy,HOLD,119.49209594726562,120.98256
2025-03-30 19:47:39,EnsembleStrategy,HOLD,120.3235855102539,121.03495
2025-03-30 19:47:39,EnsembleStrategy,HOLD,123.1605224609375,121.412476
2025-03-30 19:47:39,EnsembleStrategy,HOLD,123.46375274658203,121.99748
2025-03-30 19:47:39,EnsembleStrategy,HOLD,125.11697387695312,122.810715
2025-03-30 19:47:39,EnsembleStrategy,HOLD,127.5234375,123.900826
2025-03-30 19:47:39,EnsembleStrategy,HOLD,130.10601806640625,125.29394
2025-03-30 19:47:39,EnsembleStrategy,SELL,128.38429260253906,126.636284
2025-03-30 19:47:39,EnsembleStrategy,HOLD,131.50486755371094,128.09862
2025-03-30 19:47:39,EnsembleStrategy,HOLD,129.1570587158203,129.32527
2025-03-30 19:47:39,EnsembleStrategy,HOLD,131.57339477539062,130.5076
2025-03-30 19:47:39,EnsembleStrategy,HOLD,131.24075317382812,131.5239
2025-03-30 19:47:40,EnsembleStrategy,HOLD,131.90599060058594,132.4048
2025-03-30 19:47:40,EnsembleStrategy,HOLD,130.21360778808594,132.98843
2025-03-30 19:47:40,EnsembleStrategy,BUY,130.5950927734375,133.36162
2025-03-30 19:47:40,EnsembleStrategy,HOLD,129.0690460205078,133.43805
2025-03-30 19:47:40,EnsembleStrategy,HOLD,131.3972930908203,133.50542
2025-03-30 19:47:40,EnsembleStrategy,HOLD,131.78858947753906,133.5802
2025-03-30 19:47:40,EnsembleStrategy,HOLD,131.46578979492188,133.62746
2025-03-30 19:47:40,EnsembleStrategy,HOLD,130.67335510253906,133.59282
2025-03-30 19:47:40,EnsembleStrategy,HOLD,130.57553100585938,133.50409
2025-03-30 19:47:40,EnsembleStrategy,HOLD,128.59951782226562,133.22676
2025-03-30 19:47:40,EnsembleStrategy,HOLD,129.65599060058594,132.93939
2025-03-30 19:47:40,EnsembleStrategy,HOLD,125.06806945800781,132.28278
2025-03-30 19:47:40,EnsembleStrategy,HOLD,125.31262969970703,131.47987
2025-03-30 19:47:40,EnsembleStrategy,HOLD,126.91693115234375,130.76463
2025-03-30 19:47:41,EnsembleStrategy,HOLD,127.59310913085938,130.20763
2025-03-30 19:47:41,EnsembleStrategy,HOLD,124.30061340332031,129.53545
2025-03-30 19:47:41,EnsembleStrategy,HOLD,123.37950897216797,128.78653
2025-03-30 19:47:41,EnsembleStrategy,HOLD,120.3025894165039,127.79984
2025-03-30 19:47:41,EnsembleStrategy,HOLD,122.4583969116211,126.914085
2025-03-30 19:47:41,EnsembleStrategy,HOLD,124.88854217529297,126.34209
2025-03-30 19:47:41,EnsembleStrategy,HOLD,123.73226928710938,125.92196
2025-03-30 19:47:41,EnsembleStrategy,HOLD,122.34080505371094,125.53941
2025-03-30 19:47:41,EnsembleStrategy,HOLD,122.18402862548828,125.20518
2025-03-30 19:47:41,EnsembleStrategy,HOLD,124.75135040283203,125.12996
2025-03-30 19:47:41,EnsembleStrategy,HOLD,122.9091567993164,125.07301
2025-03-30 19:47:41,EnsembleStrategy,HOLD,124.54558563232422,125.17871
2025-03-30 19:47:42,EnsembleStrategy,SELL,124.3495864868164,125.356255
2025-03-30 19:47:42,EnsembleStrategy,HOLD,124.30061340332031,125.57059
2025-03-30 19:47:42,EnsembleStrategy,HOLD,122.76215362548828,125.66732
2025-03-30 19:47:42,EnsembleStrategy,HOLD,122.10562133789062,125.63339
2025-03-30 19:47:42,EnsembleStrategy,HOLD,121.7822494506836,125.4875
2025-03-30 19:47:42,EnsembleStrategy,BUY,122.54657745361328,125.339386
2025-03-30 19:47:42,EnsembleStrategy,HOLD,121.05711364746094,125.07711
2025-03-30 19:47:42,EnsembleStrategy,HOLD,123.3598861694336,124.95182
2025-03-30 19:47:42,EnsembleStrategy,HOLD,123.36972045898438,124.91397
2025-03-30 19:47:42,EnsembleStrategy,HOLD,124.19281768798828,125.008354
2025-03-30 19:47:42,EnsembleStrategy,HOLD,124.57496643066406,125.2129
2025-03-30 19:47:42,EnsembleStrategy,HOLD,123.57548522949219,125.39634
2025-03-30 19:47:42,EnsembleStrategy,HOLD,124.7905502319336,125.653175
2025-03-30 19:47:43,EnsembleStrategy,HOLD,127.85761260986328,126.17741
2025-03-30 19:47:43,EnsembleStrategy,SELL,127.0345458984375,126.75978
2025-03-30 19:47:43,EnsembleStrategy,HOLD,127.53425598144531,127.38984
2025-03-30 19:47:43,EnsembleStrategy,HOLD,129.14134216308594,128.1266
2025-03-30 19:47:43,EnsembleStrategy,HOLD,127.83805084228516,128.76378
2025-03-30 19:47:43,EnsembleStrategy,HOLD,129.64108276367188,129.43828
2025-03-30 19:47:43,EnsembleStrategy,HOLD,131.28729248046875,130.2094
2025-03-30 19:47:43,EnsembleStrategy,HOLD,131.01295471191406,130.95581
2025-03-30 19:47:43,EnsembleStrategy,HOLD,130.72877502441406,131.61069
2025-03-30 19:47:43,EnsembleStrategy,HOLD,130.43478393554688,132.12701
2025-03-30 19:47:43,EnsembleStrategy,HOLD,132.07119750976562,132.64217
2025-03-30 19:47:43,EnsembleStrategy,HOLD,133.59007263183594,133.23164
2025-03-30 19:47:43,EnsembleStrategy,HOLD,134.20741271972656,133.86998
2025-03-30 19:47:43,EnsembleStrategy,HOLD,134.5111846923828,134.51534
2025-03-30 19:47:44,EnsembleStrategy,HOLD,137.14712524414062,135.32857
2025-03-30 19:47:44,EnsembleStrategy,HOLD,139.1657257080078,136.34473
2025-03-30 19:47:44,EnsembleStrategy,HOLD,141.6644744873047,137.6136
2025-03-30 19:47:44,EnsembleStrategy,HOLD,140.36119079589844,138.83482
2025-03-30 19:47:44,EnsembleStrategy,HOLD,142.19357299804688,140.09041
2025-03-30 19:47:44,EnsembleStrategy,HOLD,141.5958709716797,141.20605
2025-03-30 19:47:44,EnsembleStrategy,HOLD,142.7129669189453,142.23502
2025-03-30 19:47:44,EnsembleStrategy,HOLD,146.15240478515625,143.4015
2025-03-30 19:47:44,EnsembleStrategy,HOLD,145.49588012695312,144.4892
2025-03-30 19:47:44,EnsembleStrategy,HOLD,143.44786071777344,145.27515
2025-03-30 19:47:44,EnsembleStrategy,HOLD,139.5870819091797,145.48018
2025-03-30 19:47:44,EnsembleStrategy,BUY,143.21270751953125,145.60638
2025-03-30 19:47:44,EnsembleStrategy,HOLD,142.477783203125,145.57335
2025-03-30 19:47:44,EnsembleStrategy,HOLD,143.8496551513672,145.56097
2025-03-30 19:47:45,EnsembleStrategy,HOLD,145.57427978515625,145.70158
2025-03-30 19:47:45,EnsembleStrategy,HOLD,145.99563598632812,145.9587
2025-03-30 19:47:45,EnsembleStrategy,HOLD,143.8202667236328,146.08882
2025-03-30 19:47:45,EnsembleStrategy,HOLD,142.0662384033203,145.99413
2025-03-30 19:47:45,EnsembleStrategy,HOLD,142.7129669189453,145.81776
2025-03-30 19:47:45,EnsembleStrategy,HOLD,142.92852783203125,145.6081
2025-03-30 19:47:45,EnsembleStrategy,HOLD,142.5953826904297,145.36517
2025-03-30 19:47:45,EnsembleStrategy,HOLD,144.39837646484375,145.27217
2025-03-30 19:47:45,EnsembleStrategy,SELL,143.9966583251953,145.24066
2025-03-30 19:47:45,EnsembleStrategy,HOLD,144.1044158935547,145.26955
2025-03-30 19:47:45,EnsembleStrategy,HOLD,143.41744995117188,145.27853
2025-03-30 19:47:45,EnsembleStrategy,HOLD,143.36839294433594,145.27419
2025-03-30 19:47:45,EnsembleStrategy,HOLD,142.8875274658203,145.21799
2025-03-30 19:47:46,EnsembleStrategy,BUY,143.1427001953125,145.15532
2025-03-30 19:47:46,EnsembleStrategy,HOLD,146.1162567138672,145.3412
2025-03-30 19:47:46,EnsembleStrategy,HOLD,146.3223419189453,145.67607
2025-03-30 19:47:46,EnsembleStrategy,HOLD,148.3046875,146.25311
2025-03-30 19:47:46,EnsembleStrategy,SELL,147.3920135498047,146.8569
2025-03-30 19:47:46,EnsembleStrategy,HOLD,143.63339233398438,147.12021
2025-03-30 19:47:46,EnsembleStrategy,BUY,143.96702575683594,147.1895
2025-03-30 19:47:46,EnsembleStrategy,HOLD,145.42929077148438,147.23364
2025-03-30 19:47:46,EnsembleStrategy,HOLD,146.9209747314453,147.37245
2025-03-30 19:47:46,EnsembleStrategy,SELL,146.83262634277344,147.54657
2025-03-30 19:47:46,EnsembleStrategy,HOLD,145.59613037109375,147.62798
2025-03-30 19:47:46,EnsembleStrategy,HOLD,144.7913818359375,147.58511
2025-03-30 19:47:46,EnsembleStrategy,BUY,145.8316192626953,147.55551
2025-03-30 19:47:47,EnsembleStrategy,HOLD,150.26742553710938,147.90508
2025-03-30 19:47:47,EnsembleStrategy,SELL,149.00144958496094,148.33694
2025-03-30 19:47:47,EnsembleStrategy,HOLD,149.66879272460938,148.86577
2025-03-30 19:47:47,EnsembleStrategy,HOLD,150.78758239746094,149.50496
2025-03-30 19:47:47,EnsembleStrategy,HOLD,151.4254608154297,150.21114
2025-03-30 19:47:47,EnsembleStrategy,HOLD,153.7709197998047,151.10135
2025-03-30 19:47:47,EnsembleStrategy,HOLD,152.2203826904297,151.89455
2025-03-30 19:47:47,EnsembleStrategy,HOLD,151.19973754882812,152.48474
2025-03-30 19:47:47,EnsembleStrategy,HOLD,146.1947784423828,152.46439
2025-03-30 19:47:47,EnsembleStrategy,BUY,146.7639617919922,152.12051
2025-03-30 19:47:47,EnsembleStrategy,HOLD,145.36056518554688,151.45479
2025-03-30 19:47:47,EnsembleStrategy,HOLD,146.25364685058594,150.71237
2025-03-30 19:47:47,EnsembleStrategy,HOLD,146.01809692382812,149.95335
2025-03-30 19:47:47,EnsembleStrategy,HOLD,143.33895874023438,149.02222
2025-03-30 19:47:48,EnsembleStrategy,HOLD,140.27711486816406,147.81602
2025-03-30 19:47:48,EnsembleStrategy,HOLD,140.75799560546875,146.58487
2025-03-30 19:47:48,EnsembleStrategy,HOLD,143.1328887939453,145.62848
2025-03-30 19:47:48,EnsembleStrategy,HOLD,144.09461975097656,144.99678
2025-03-30 19:47:48,EnsembleStrategy,HOLD,144.1829376220703,144.6374
2025-03-30 19:47:48,EnsembleStrategy,HOLD,142.66180419921875,144.36726
2025-03-30 19:47:48,EnsembleStrategy,HOLD,139.26629638671875,143.90425
2025-03-30 19:47:48,EnsembleStrategy,HOLD,140.1691436767578,143.44832
2025-03-30 19:47:48,EnsembleStrategy,HOLD,138.8638916015625,142.91406
2025-03-30 19:47:48,EnsembleStrategy,HOLD,139.9924774169922,142.47087
2025-03-30 19:47:48,EnsembleStrategy,HOLD,136.54791259765625,141.82718
2025-03-30 19:47:49,EnsembleStrategy,HOLD,138.48121643066406,141.28796
2025-03-30 19:47:49,EnsembleStrategy,HOLD,139.35458374023438,140.9187
2025-03-30 19:47:49,EnsembleStrategy,HOLD,140.6205596923828,140.7966
2025-03-30 19:47:49,EnsembleStrategy,SELL,140.23782348632812,140.81361
2025-03-30 19:47:49,EnsembleStrategy,HOLD,140.1495361328125,140.92024
2025-03-30 19:47:49,EnsembleStrategy,HOLD,138.87374877929688,140.96986
2025-03-30 19:47:49,EnsembleStrategy,HOLD,138.28492736816406,140.93974
2025-03-30 19:47:49,EnsembleStrategy,HOLD,141.08181762695312,141.09079
2025-03-30 19:47:49,EnsembleStrategy,HOLD,142.1416778564453,141.41861
2025-03-30 19:47:49,EnsembleStrategy,HOLD,143.81983947753906,141.9768
2025-03-30 19:47:49,EnsembleStrategy,HOLD,145.98867797851562,142.81734
2025-03-30 19:47:49,EnsembleStrategy,HOLD,146.4793701171875,143.81355
2025-03-30 19:47:49,EnsembleStrategy,HOLD,146.6952667236328,144.8529
2025-03-30 19:47:50,EnsembleStrategy,HOLD,145.9199981689453,145.77469
2025-03-30 19:47:50,EnsembleStrategy,HOLD,145.87088012695312,146.53902
2025-03-30 19:47:50,EnsembleStrategy,HOLD,146.53822326660156,147.19052
2025-03-30 19:47:50,EnsembleStrategy,HOLD,146.07701110839844,147.66583
2025-03-30 19:47:50,EnsembleStrategy,HOLD,149.72772216796875,148.29767
2025-03-30 19:47:50,EnsembleStrategy,HOLD,147.00927734375,148.72792
2025-03-30 19:47:50,EnsembleStrategy,HOLD,146.1849365234375,148.94424
2025-03-30 19:47:50,EnsembleStrategy,BUY,147.22518920898438,149.08826
2025-03-30 19:47:50,EnsembleStrategy,HOLD,148.66778564453125,149.28204
2025-03-30 19:47:50,EnsembleStrategy,SELL,148.14768981933594,149.43971
2025-03-30 19:47:50,EnsembleStrategy,HOLD,148.6783905029297,149.61232
2025-03-30 19:47:50,EnsembleStrategy,HOLD,147.85284423828125,149.70766
2025-03-30 19:47:50,EnsembleStrategy,BUY,148.21646118164062,149.78258
2025-03-30 19:47:51,EnsembleStrategy,HOLD,145.3761749267578,149.58855
2025-03-30 19:47:51,EnsembleStrategy,HOLD,145.32704162597656,149.24849
2025-03-30 19:47:51,EnsembleStrategy,HOLD,147.4105682373047,149.00879
2025-03-30 19:47:51,EnsembleStrategy,HOLD,147.42039489746094,148.84364
2025-03-30 19:47:51,EnsembleStrategy,HOLD,148.4031982421875,148.82536
2025-03-30 19:47:51,EnsembleStrategy,HOLD,150.85037231445312,149.10991
2025-03-30 19:47:51,EnsembleStrategy,HOLD,155.15505981445312,149.92459
2025-03-30 19:47:51,EnsembleStrategy,HOLD,157.7889862060547,151.22826
2025-03-30 19:47:51,EnsembleStrategy,HOLD,158.25086975097656,152.78207
2025-03-30 19:47:51,EnsembleStrategy,HOLD,158.63417053222656,154.41231
2025-03-30 19:47:51,EnsembleStrategy,HOLD,159.15509033203125,156.0007
2025-03-30 19:47:51,EnsembleStrategy,HOLD,154.11326599121094,156.98291
2025-03-30 19:47:51,EnsembleStrategy,HOLD,157.48431396484375,157.80736
2025-03-30 19:47:52,EnsembleStrategy,HOLD,162.457275390625,158.85066
2025-03-30 19:47:52,EnsembleStrategy,SELL,161.93638610839844,159.86896
2025-03-30 19:47:52,EnsembleStrategy,HOLD,160.94375610351562,160.71295
2025-03-30 19:47:52,EnsembleStrategy,HOLD,159.05677795410156,161.21396
2025-03-30 19:47:52,EnsembleStrategy,HOLD,162.47694396972656,161.75595
2025-03-30 19:47:52,EnsembleStrategy,HOLD,168.2361602783203,162.74939
2025-03-30 19:47:52,EnsembleStrategy,HOLD,172.069091796875,164.25224
2025-03-30 19:47:52,EnsembleStrategy,HOLD,171.55804443359375,165.90242
2025-03-30 19:47:52,EnsembleStrategy,HOLD,176.36392211914062,167.94566
2025-03-30 19:47:52,EnsembleStrategy,HOLD,172.71775817871094,169.71387
2025-03-30 19:47:52,EnsembleStrategy,HOLD,171.33197021484375,171.05717
2025-03-30 19:47:52,EnsembleStrategy,HOLD,176.21652221679688,172.44022
2025-03-30 19:47:52,EnsembleStrategy,HOLD,169.29757690429688,173.05472
2025-03-30 19:47:53,EnsembleStrategy,HOLD,168.19683837890625,173.07463
2025-03-30 19:47:53,EnsembleStrategy,HOLD,166.83078002929688,172.57248
2025-03-30 19:47:53,EnsembleStrategy,BUY,170.0150604248047,172.05812
2025-03-30 19:47:53,EnsembleStrategy,HOLD,172.61947631835938,171.77612
2025-03-30 19:47:53,EnsembleStrategy,HOLD,173.24844360351562,171.71078
2025-03-30 19:47:53,EnsembleStrategy,HOLD,177.2288360595703,172.14926
2025-03-30 19:47:53,EnsembleStrategy,SELL,176.20668029785156,172.75533
2025-03-30 19:47:53,EnsembleStrategy,HOLD,176.295166015625,173.44508
2025-03-30 19:47:53,EnsembleStrategy,HOLD,175.13543701171875,174.02242
2025-03-30 19:47:53,EnsembleStrategy,HOLD,174.5162811279297,174.42523
2025-03-30 19:47:53,EnsembleStrategy,HOLD,178.87989807128906,175.0682
2025-03-30 19:47:53,EnsembleStrategy,HOLD,176.60963439941406,175.56363
2025-03-30 19:47:53,EnsembleStrategy,HOLD,171.911865234375,175.52286
2025-03-30 19:47:54,EnsembleStrategy,HOLD,169.04205322265625,174.91533
2025-03-30 19:47:54,EnsembleStrategy,BUY,169.2091522216797,174.0186
2025-03-30 19:47:54,EnsembleStrategy,HOLD,169.22882080078125,173.00519
2025-03-30 19:47:54,EnsembleStrategy,HOLD,172.069091796875,172.24765
2025-03-30 19:47:54,EnsembleStrategy,HOLD,172.51138305664062,171.73517
2025-03-30 19:47:54,EnsembleStrategy,HOLD,169.22882080078125,171.14206
2025-03-30 19:47:54,EnsembleStrategy,SELL,170.09365844726562,170.66039
2025-03-30 19:47:54,EnsembleStrategy,HOLD,166.8799285888672,169.99596
2025-03-30 19:47:54,EnsembleStrategy,HOLD,163.3712921142578,168.9812
2025-03-30 19:47:54,EnsembleStrategy,HOLD,161.68087768554688,167.69681
2025-03-30 19:47:54,EnsembleStrategy,HOLD,159.6169891357422,166.17085
2025-03-30 19:47:54,EnsembleStrategy,HOLD,158.84056091308594,164.56624
2025-03-30 19:47:54,EnsembleStrategy,HOLD,157.0322265625,162.88707
2025-03-30 19:47:54,EnsembleStrategy,BUY,156.9437713623047,161.31805
2025-03-30 19:47:54,EnsembleStrategy,HOLD,156.48184204101562,159.91425
2025-03-30 19:47:55,EnsembleStrategy,SELL,167.40078735351562,159.6909
2025-03-30 19:47:55,EnsembleStrategy,HOLD,171.7742462158203,160.5746
2025-03-30 19:47:55,EnsembleStrategy,HOLD,171.60714721679688,162.09187
2025-03-30 19:47:55,EnsembleStrategy,HOLD,172.81602478027344,164.03123
2025-03-30 19:47:55,EnsembleStrategy,HOLD,169.92660522460938,165.82257
2025-03-30 19:47:55,EnsembleStrategy,HOLD,169.64120483398438,167.36273
2025-03-30 19:47:55,EnsembleStrategy,HOLD,168.92282104492188,168.53648
2025-03-30 19:47:55,EnsembleStrategy,HOLD,172.04234313964844,169.64143
2025-03-30 19:47:55,EnsembleStrategy,HOLD,173.4691925048828,170.70547
2025-03-30 19:47:55,EnsembleStrategy,HOLD,169.37550354003906,171.27563
2025-03-30 19:47:55,EnsembleStrategy,HOLD,165.95101928710938,171.20525
2025-03-30 19:47:55,EnsembleStrategy,HOLD,166.1871795654297,170.76192
2025-03-30 19:47:55,EnsembleStrategy,HOLD,170.0348358154297,170.43571
2025-03-30 19:47:55,EnsembleStrategy,HOLD,169.7986602783203,170.16005
2025-03-30 19:47:56,EnsembleStrategy,HOLD,166.1871795654297,169.63109
2025-03-30 19:47:56,EnsembleStrategy,HOLD,164.63238525390625,168.87633
2025-03-30 19:47:56,EnsembleStrategy,HOLD,161.69992065429688,167.7821
2025-03-30 19:47:56,EnsembleStrategy,HOLD,157.51766967773438,166.2084
2025-03-30 19:47:56,EnsembleStrategy,HOLD,160.14511108398438,164.71246
2025-03-30 19:47:56,EnsembleStrategy,HOLD,162.221435546875,163.54648
2025-03-30 19:47:56,EnsembleStrategy,HOLD,162.4871063232422,162.70987
2025-03-30 19:47:56,EnsembleStrategy,HOLD,160.5977783203125,161.99889
2025-03-30 19:47:56,EnsembleStrategy,HOLD,163.9041748046875,161.7463
2025-03-30 19:47:56,EnsembleStrategy,HOLD,163.57943725585938,161.7629
2025-03-30 19:47:56,EnsembleStrategy,HOLD,160.56825256347656,161.70142
2025-03-30 19:47:56,EnsembleStrategy,HOLD,156.7599639892578,161.28912
2025-03-30 19:47:56,EnsembleStrategy,HOLD,154.92959594726562,160.5467
2025-03-30 19:47:56,EnsembleStrategy,HOLD,160.35171508789062,160.13016
2025-03-30 19:47:56,EnsembleStrategy,HOLD,155.99237060546875,159.53372
2025-03-30 19:47:57,EnsembleStrategy,HOLD,152.26280212402344,158.5921
2025-03-30 19:47:57,EnsembleStrategy,BUY,148.2183074951172,157.1688
2025-03-30 19:47:57,EnsembleStrategy,HOLD,152.61705017089844,155.95628
2025-03-30 19:47:57,EnsembleStrategy,SELL,157.0453338623047,155.32611
2025-03-30 19:47:57,EnsembleStrategy,HOLD,158.05889892578125,155.19446
2025-03-30 19:47:57,EnsembleStrategy,HOLD,161.36532592773438,155.7013
2025-03-30 19:47:57,EnsembleStrategy,HOLD,162.74302673339844,156.69165
2025-03-30 19:47:57,EnsembleStrategy,HOLD,166.12815856933594,158.21483
2025-03-30 19:47:57,EnsembleStrategy,HOLD,167.49595642089844,160.06023
2025-03-30 19:47:57,EnsembleStrategy,HOLD,171.29443359375,162.29492
2025-03-30 19:47:57,EnsembleStrategy,HOLD,171.93406677246094,164.63454
2025-03-30 19:47:57,EnsembleStrategy,HOLD,172.80006408691406,166.92299
2025-03-30 19:47:57,EnsembleStrategy,HOLD,176.10647583007812,169.2665
2025-03-30 19:47:58,EnsembleStrategy,HOLD,174.93544006347656,171.3076
2025-03-30 19:47:58,EnsembleStrategy,HOLD,171.82579040527344,172.70805
2025-03-30 19:47:58,EnsembleStrategy,HOLD,171.53060913085938,173.56142
2025-03-30 19:47:58,EnsembleStrategy,HOLD,175.5947723388672,174.33371
2025-03-30 19:47:58,EnsembleStrategy,HOLD,172.2686309814453,174.64325
2025-03-30 19:47:58,EnsembleStrategy,BUY,169.09014892578125,174.36974
2025-03-30 19:47:58,EnsembleStrategy,HOLD,169.39520263671875,173.77965
2025-03-30 19:47:58,EnsembleStrategy,HOLD,167.37789916992188,172.83693
2025-03-30 19:47:58,EnsembleStrategy,HOLD,163.10707092285156,171.37663
2025-03-30 19:47:58,EnsembleStrategy,HOLD,164.9866485595703,169.90523
2025-03-30 19:47:58,EnsembleStrategy,SELL,167.68296813964844,168.76042
2025-03-30 19:47:58,EnsembleStrategy,HOLD,162.6544189453125,167.46094
2025-03-30 19:47:58,EnsembleStrategy,HOLD,162.43795776367188,166.20694
2025-03-30 19:47:59,EnsembleStrategy,HOLD,164.7307586669922,165.29033
2025-03-30 19:47:59,EnsembleStrategy,HOLD,164.56346130371094,164.6366
2025-03-30 19:47:59,EnsembleStrategy,HOLD,163.76638793945312,164.14198
2025-03-30 19:47:59,EnsembleStrategy,HOLD,159.2102508544922,163.4121
2025-03-30 19:47:59,EnsembleStrategy,HOLD,160.2828826904297,162.72453
2025-03-30 19:47:59,EnsembleStrategy,HOLD,154.29981994628906,161.58423
2025-03-30 19:47:59,EnsembleStrategy,HOLD,154.07347106933594,160.26753
2025-03-30 19:47:59,EnsembleStrategy,HOLD,161.0307159423828,159.54388
2025-03-30 19:47:59,EnsembleStrategy,HOLD,155.1362762451172,158.70386
2025-03-30 19:47:59,EnsembleStrategy,HOLD,155.44129943847656,157.9472
2025-03-30 19:47:59,EnsembleStrategy,HOLD,156.9370880126953,157.43515
2025-03-30 19:47:59,EnsembleStrategy,HOLD,163.37278747558594,157.67293
2025-03-30 19:47:59,EnsembleStrategy,HOLD,154.27027893066406,157.55284
2025-03-30 19:48:00,EnsembleStrategy,HOLD,154.99954223632812,157.35464
2025-03-30 19:48:00,EnsembleStrategy,HOLD,149.85520935058594,156.66032
2025-03-30 19:48:00,EnsembleStrategy,HOLD,152.26971435546875,155.9417
2025-03-30 19:48:00,EnsembleStrategy,HOLD,144.3758087158203,154.55545
2025-03-30 19:48:00,EnsembleStrategy,HOLD,140.4929962158203,152.58005
2025-03-30 19:48:00,EnsembleStrategy,HOLD,144.9770050048828,150.78351
2025-03-30 19:48:00,EnsembleStrategy,HOLD,143.4297637939453,149.0775
2025-03-30 19:48:00,EnsembleStrategy,HOLD,147.0761260986328,147.89777
2025-03-30 19:48:00,EnsembleStrategy,HOLD,138.7781982421875,146.44661
2025-03-30 19:48:00,EnsembleStrategy,BUY,135.3585205078125,144.71889
2025-03-30 19:48:00,EnsembleStrategy,HOLD,135.59503173828125,142.98
2025-03-30 19:48:00,EnsembleStrategy,SELL,141.03500366210938,141.81929
2025-03-30 19:48:00,EnsembleStrategy,HOLD,138.32489013671875,140.87683
2025-03-30 19:48:00,EnsembleStrategy,BUY,138.48255920410156,140.19574
2025-03-30 19:48:01,EnsembleStrategy,HOLD,141.6953125,140.00949
2025-03-30 19:48:01,EnsembleStrategy,HOLD,147.47035217285156,140.63646
2025-03-30 19:48:01,EnsembleStrategy,HOLD,146.68191528320312,141.65985
2025-03-30 19:48:01,EnsembleStrategy,HOLD,146.55380249023438,142.87256
2025-03-30 19:48:01,EnsembleStrategy,HOLD,149.01756286621094,144.32571
2025-03-30 19:48:01,EnsembleStrategy,HOLD,143.27206420898438,145.32097
2025-03-30 19:48:01,EnsembleStrategy,HOLD,144.0210723876953,146.03534
2025-03-30 19:48:01,EnsembleStrategy,HOLD,146.55380249023438,146.69682
2025-03-30 19:48:01,EnsembleStrategy,HOLD,145.81466674804688,147.19241
2025-03-30 19:48:01,EnsembleStrategy,HOLD,140.57183837890625,147.09956
2025-03-30 19:48:01,EnsembleStrategy,HOLD,135.1417236328125,146.19456
2025-03-30 19:48:01,EnsembleStrategy,HOLD,129.9678497314453,144.42743
2025-03-30 19:48:02,EnsembleStrategy,HOLD,130.83505249023438,142.3242
2025-03-30 19:48:02,EnsembleStrategy,HOLD,133.4663543701172,140.3682
2025-03-30 19:48:02,EnsembleStrategy,HOLD,128.17420959472656,138.21048
2025-03-30 19:48:02,EnsembleStrategy,HOLD,129.6524658203125,136.26942
2025-03-30 19:48:02,EnsembleStrategy,SELL,133.89996337890625,134.95518
2025-03-30 19:48:02,EnsembleStrategy,HOLD,133.3875274658203,134.10368
2025-03-30 19:48:02,EnsembleStrategy,HOLD,136.2651824951172,133.87204
2025-03-30 19:48:02,EnsembleStrategy,HOLD,139.6060333251953,134.34152
2025-03-30 19:48:02,EnsembleStrategy,HOLD,139.6060333251953,135.22925
2025-03-30 19:48:02,EnsembleStrategy,HOLD,135.44720458984375,135.98581
2025-03-30 19:48:02,EnsembleStrategy,HOLD,137.21124267578125,136.76733
2025-03-30 19:48:02,EnsembleStrategy,HOLD,134.7376708984375,137.27441
2025-03-30 19:48:02,EnsembleStrategy,HOLD,136.91561889648438,137.75899
2025-03-30 19:48:02,EnsembleStrategy,HOLD,139.50746154785156,138.38382
2025-03-30 19:48:02,EnsembleStrategy,HOLD,140.84774780273438,139.1495
2025-03-30 19:48:03,EnsembleStrategy,HOLD,144.22802734375,140.22377
2025-03-30 19:48:03,EnsembleStrategy,HOLD,144.9080352783203,141.46631
2025-03-30 19:48:03,EnsembleStrategy,HOLD,142.76950073242188,142.54494
2025-03-30 19:48:03,EnsembleStrategy,HOLD,143.7451171875,143.521
2025-03-30 19:48:03,EnsembleStrategy,HOLD,143.38050842285156,144.30399
2025-03-30 19:48:03,EnsembleStrategy,HOLD,146.31727600097656,145.14543
2025-03-30 19:48:03,EnsembleStrategy,HOLD,147.9926300048828,146.07747
2025-03-30 19:48:03,EnsembleStrategy,BUY,144.93759155273438,146.72743
2025-03-30 19:48:03,EnsembleStrategy,HOLD,148.8105926513672,147.49342
2025-03-30 19:48:03,EnsembleStrategy,SELL,150.82098388671875,148.40938
2025-03-30 19:48:03,EnsembleStrategy,HOLD,153.09756469726562,149.53328
2025-03-30 19:48:03,EnsembleStrategy,HOLD,151.85580444335938,150.58922
2025-03-30 19:48:04,EnsembleStrategy,HOLD,150.73233032226562,151.4333
2025-03-30 19:48:04,EnsembleStrategy,BUY,149.40187072753906,151.9586
2025-03-30 19:48:04,EnsembleStrategy,SELL,154.5166778564453,152.67105
2025-03-30 19:48:04,EnsembleStrategy,HOLD,155.0685272216797,153.4508
2025-03-30 19:48:04,EnsembleStrategy,HOLD,160.1537322998047,154.65015
2025-03-30 19:48:04,EnsembleStrategy,HOLD,159.168212890625,155.9176
2025-03-30 19:48:04,EnsembleStrategy,HOLD,157.68997192382812,157.00893
2025-03-30 19:48:04,EnsembleStrategy,HOLD,163.7212371826172,158.42233
2025-03-30 19:48:04,EnsembleStrategy,HOLD,163.40585327148438,159.85597
2025-03-30 19:48:04,EnsembleStrategy,HOLD,163.1789093017578,161.1691
2025-03-30 19:48:04,EnsembleStrategy,HOLD,162.70518493652344,162.24959
2025-03-30 19:48:04,EnsembleStrategy,HOLD,162.75454711914062,163.09016
2025-03-30 19:48:04,EnsembleStrategy,HOLD,167.017822265625,164.07318
2025-03-30 19:48:04,EnsembleStrategy,HOLD,166.2776641845703,164.95973
2025-03-30 19:48:04,EnsembleStrategy,HOLD,169.8402557373047,166.036
2025-03-30 19:48:05,EnsembleStrategy,HOLD,170.9159698486328,167.20734
2025-03-30 19:48:05,EnsembleStrategy,HOLD,170.7580108642578,168.32137
2025-03-30 19:48:05,EnsembleStrategy,HOLD,172.25808715820312,169.43768
2025-03-30 19:48:05,EnsembleStrategy,HOLD,171.8633270263672,170.4055
2025-03-30 19:48:05,EnsembleStrategy,HOLD,169.26788330078125,170.96301
2025-03-30 19:48:05,EnsembleStrategy,BUY,165.36973571777344,170.87372
2025-03-30 19:48:05,EnsembleStrategy,HOLD,165.0341796875,170.35841
2025-03-30 19:48:05,EnsembleStrategy,HOLD,165.33026123046875,169.62418
2025-03-30 19:48:05,EnsembleStrategy,HOLD,167.7974395751953,169.01637
2025-03-30 19:48:05,EnsembleStrategy,HOLD,161.47158813476562,167.95958
2025-03-30 19:48:05,EnsembleStrategy,HOLD,159.26101684570312,166.56772
2025-03-30 19:48:05,EnsembleStrategy,HOLD,156.8234405517578,164.86362
2025-03-30 19:48:05,EnsembleStrategy,HOLD,155.15562438964844,162.96773
2025-03-30 19:48:05,EnsembleStrategy,HOLD,155.88592529296875,161.17863
2025-03-30 19:48:06,EnsembleStrategy,HOLD,153.76416015625,159.42023
2025-03-30 19:48:06,EnsembleStrategy,HOLD,152.5009307861328,157.74261
2025-03-30 19:48:06,EnsembleStrategy,HOLD,153.91217041015625,156.39291
2025-03-30 19:48:06,EnsembleStrategy,HOLD,152.431884765625,155.22786
2025-03-30 19:48:06,EnsembleStrategy,HOLD,155.3036651611328,154.55037
2025-03-30 19:48:06,EnsembleStrategy,HOLD,161.28408813476562,154.74232
2025-03-30 19:48:06,EnsembleStrategy,HOLD,151.8199920654297,154.64574
2025-03-30 19:48:06,EnsembleStrategy,SELL,153.27069091796875,154.58156
2025-03-30 19:48:06,EnsembleStrategy,HOLD,150.36932373046875,154.26384
2025-03-30 19:48:06,EnsembleStrategy,HOLD,148.72125244140625,153.68791
2025-03-30 19:48:06,EnsembleStrategy,HOLD,152.45159912109375,153.31702
2025-03-30 19:48:06,EnsembleStrategy,HOLD,154.83982849121094,153.28712
2025-03-30 19:48:07,EnsembleStrategy,HOLD,151.70156860351562,153.2074
2025-03-30 19:48:07,EnsembleStrategy,HOLD,150.73448181152344,153.04767
2025-03-30 19:48:07,EnsembleStrategy,HOLD,148.45477294921875,152.66174
2025-03-30 19:48:07,EnsembleStrategy,HOLD,148.79034423828125,152.1969
2025-03-30 19:48:07,EnsembleStrategy,BUY,149.767333984375,151.79572
2025-03-30 19:48:07,EnsembleStrategy,HOLD,147.87252807617188,151.30154
2025-03-30 19:48:07,EnsembleStrategy,HOLD,140.60919189453125,150.18307
2025-03-30 19:48:07,EnsembleStrategy,HOLD,136.3853759765625,148.43883
2025-03-30 19:48:07,EnsembleStrategy,HOLD,140.57955932617188,146.79756
2025-03-30 19:48:07,EnsembleStrategy,SELL,144.181640625,145.62263
2025-03-30 19:48:07,EnsembleStrategy,HOLD,144.47769165039062,144.85829
2025-03-30 19:48:07,EnsembleStrategy,HOLD,143.5204620361328,144.35974
2025-03-30 19:48:08,EnsembleStrategy,BUY,138.25054931640625,143.6478
2025-03-30 19:48:08,EnsembleStrategy,HOLD,138.5762481689453,142.92264
2025-03-30 19:48:08,EnsembleStrategy,HOLD,137.15512084960938,142.11406
2025-03-30 19:48:08,EnsembleStrategy,HOLD,136.52354431152344,141.27023
2025-03-30 19:48:08,EnsembleStrategy,HOLD,141.1124725341797,140.85448
2025-03-30 19:48:08,EnsembleStrategy,HOLD,136.56298828125,140.34787
2025-03-30 19:48:08,EnsembleStrategy,SELL,140.5401153564453,140.19371
2025-03-30 19:48:08,EnsembleStrategy,HOLD,141.8625030517578,140.3677
2025-03-30 19:48:08,EnsembleStrategy,HOLD,141.9710693359375,140.75238
2025-03-30 19:48:08,EnsembleStrategy,HOLD,141.50721740722656,141.21512
2025-03-30 19:48:08,EnsembleStrategy,HOLD,145.33627319335938,142.01315
2025-03-30 19:48:09,EnsembleStrategy,HOLD,147.48765563964844,143.12254
2025-03-30 19:48:09,EnsembleStrategy,HOLD,150.33969116210938,144.59555
2025-03-30 19:48:09,EnsembleStrategy,HOLD,147.3889923095703,145.92441
2025-03-30 19:48:09,EnsembleStrategy,BUY,142.8987274169922,146.69728
2025-03-30 19:48:09,EnsembleStrategy,SELL,153.695068359375,147.97221
2025-03-30 19:48:09,EnsembleStrategy,HOLD,151.32659912109375,149.18921
2025-03-30 19:48:09,EnsembleStrategy,HOLD,148.67189025878906,150.0737
2025-03-30 19:48:09,EnsembleStrategy,HOLD,143.12567138671875,150.21349
2025-03-30 19:48:09,EnsembleStrategy,HOLD,137.05645751953125,149.3608
2025-03-30 19:48:09,EnsembleStrategy,HOLD,136.78955078125,147.92722
2025-03-30 19:48:09,EnsembleStrategy,HOLD,137.32333374023438,146.25551
2025-03-30 19:48:09,EnsembleStrategy,HOLD,137.89669799804688,144.60294
2025-03-30 19:48:09,EnsembleStrategy,HOLD,133.3199005126953,142.7174
2025-03-30 19:48:10,EnsembleStrategy,HOLD,145.18197631835938,141.85983
2025-03-30 19:48:10,EnsembleStrategy,HOLD,147.9794464111328,141.90697
2025-03-30 19:48:10,EnsembleStrategy,HOLD,146.5757598876953,142.43661
2025-03-30 19:48:10,EnsembleStrategy,HOLD,148.31552124023438,143.41441
2025-03-30 19:48:10,EnsembleStrategy,HOLD,147.07989501953125,144.49928
2025-03-30 19:48:10,EnsembleStrategy,HOLD,148.9877166748047,145.73727
2025-03-30 19:48:10,EnsembleStrategy,HOLD,149.5511932373047,147.01111
2025-03-30 19:48:10,EnsembleStrategy,HOLD,146.30885314941406,147.92271
2025-03-30 19:48:10,EnsembleStrategy,HOLD,148.45391845703125,148.72276
2025-03-30 19:48:10,EnsembleStrategy,HOLD,149.3336944580078,149.43553
2025-03-30 19:48:10,EnsembleStrategy,BUY,146.40771484375,149.77333
2025-03-30 19:48:11,EnsembleStrategy,HOLD,142.56243896484375,149.53621
2025-03-30 19:48:11,EnsembleStrategy,HOLD,139.54750061035156,148.69638
2025-03-30 19:48:11,EnsembleStrategy,HOLD,146.32862854003906,148.11252
2025-03-30 19:48:11,EnsembleStrategy,HOLD,146.60543823242188,147.71593
2025-03-30 19:48:11,EnsembleStrategy,HOLD,146.11117553710938,147.44576
2025-03-30 19:48:11,EnsembleStrategy,HOLD,144.94471740722656,147.18945
2025-03-30 19:48:11,EnsembleStrategy,HOLD,141.26748657226562,146.66223
2025-03-30 19:48:11,EnsembleStrategy,HOLD,139.3201141357422,145.85506
2025-03-30 19:48:11,EnsembleStrategy,HOLD,141.01048278808594,145.0789
2025-03-30 19:48:11,EnsembleStrategy,HOLD,140.526123046875,144.33008
2025-03-30 19:48:11,EnsembleStrategy,HOLD,142.82936096191406,143.84636
2025-03-30 19:48:11,EnsembleStrategy,HOLD,143.79808044433594,143.65454
2025-03-30 19:48:12,EnsembleStrategy,HOLD,141.56402587890625,143.4862
2025-03-30 19:48:12,EnsembleStrategy,HOLD,134.93112182617188,142.81459
2025-03-30 19:48:12,EnsembleStrategy,HOLD,132.9640350341797,141.74141
2025-03-30 19:48:12,EnsembleStrategy,HOLD,130.8486328125,140.30818
2025-03-30 19:48:12,EnsembleStrategy,HOLD,130.77943420410156,138.7515
2025-03-30 19:48:12,EnsembleStrategy,HOLD,133.89320373535156,137.49051
2025-03-30 19:48:12,EnsembleStrategy,HOLD,130.7102508544922,136.25278
2025-03-30 19:48:12,EnsembleStrategy,HOLD,130.344482421875,135.11526
2025-03-30 19:48:12,EnsembleStrategy,HOLD,128.5355224609375,133.99344
2025-03-30 19:48:12,EnsembleStrategy,HOLD,124.59137725830078,132.66379
2025-03-30 19:48:12,EnsembleStrategy,HOLD,128.12033081054688,131.60454
2025-03-30 19:48:12,EnsembleStrategy,HOLD,128.43667602539062,130.809
